work,original_genre,grouped_genre,year
Abelino ou Le Grand Bandit De Venise,Comédie,Comedy,1811.0
Adélaide du Guesclin,tragédie,Tragedy,1810.0
"Adolph & Clara, ou Les deux prisonniers",Opéra,Opera,1806.0
"Adolph & Clara, ou Les deux prisonniers",opéra,Opera,1806.0
"Adolph & Clara, ou Les deux prisonniers",opéra,Opera,1806.0
"Adolph & Clara, ou Les deux prisonniers",,Opera,1807.0
"Adolph & Clara, ou Les deux prisonniers",Opéra,Opera,1807.0
"Adolph & Clara, ou Les deux prisonniers",opéra,Opera,1807.0
"Adolph & Clara, ou Les deux prisonniers",opéra,Opera,1808.0
"Adolph & Clara, ou Les deux prisonniers",opéra,Opera,1808.0
"Adolph & Clara, ou Les deux prisonniers",opéra,Opera,1808.0
"Adolph & Clara, ou Les deux prisonniers",opéra,Opera,1809.0
"Adolph & Clara, ou Les deux prisonniers",opéra,Opera,1809.0
"Adolph & Clara, ou Les deux prisonniers",opéra,Opera,1810.0
"Adolph & Clara, ou Les deux prisonniers",opéra,Opera,1811.0
Défiance et Malice,comédie,Comedy,1805.0
La Dot,opéra,Opera,1805.0
"Adolph & Clara, ou Les deux prisonniers",Opéra,Opera,1811.0
"Adolph & Clara, ou Les deux prisonniers",opéra,Opera,1812.0
Agnès Sorel ou la Belle des Belles,comédie héroïque,Opera-Vaudeville-Comedy,1810.0
Agnès Sorel ou la Belle des Belles,comédie héroïque,Opera-Vaudeville-Comedy,1810.0
Agnès Sorel ou la Belle des Belles,comédie héroïque,Opera-Vaudeville-Comedy,1811.0
Agnès Sorel ou la Belle des Belles,comédie héroïque,Opera-Vaudeville-Comedy,1811.0
"Agnès Sorel, ou la Belle des Belles",opéra vaudeville,Opera-Vaudeville-Comedy,1811.0
Alexis & Justine,opéra,Opera,1806.0
Alexis ou L'Erreur d'un bon Père,Opéra Nouveau,Opera,1808.0
Alexis ou L'Erreur d'un bon Père,Opéra Nouveau,Opera,1808.0
Alexis ou L'Erreur d'un bon Père,Opéra Nouveau,Opera,1808.0
Alexis ou L'Erreur d'un bon Père,Opéra Nouveau,Opera,1808.0
Alexis ou L'Erreur d'un bon Père,opéra,Opera,1808.0
Alexis ou L'Erreur d'un bon Père,opéra,Opera,1808.0
Alexis ou L'Erreur d'un bon Père,opéra,Opera,1809.0
Alexis ou L'Erreur d'un bon Père,opéra,Opera,1809.0
Alexis ou L'Erreur d'un bon Père,Opéra,Opera,1811.0
"Alexis, ou L'Erreur d'un Bon Père",opéra,Opera,1811.0
Aline Reine de Golconde,opéra,Opera,1811.0
Aline Reine de Golconde,opéra,Opera,1811.0
Aline Reine de Golconde,Opéra,Opera,1811.0
Aline Reine de Golconde,opéra,Opera,1811.0
Aline Reine de Golconde,Opéra,Opera,1812.0
Allons voir le Tigre,comédie folie,Comedy,1811.0
Alzire ou Les Americans,tragédie,Tragedy,1808.0
"Alzire, ou Les Américains",tragédie,Tragedy,1811.0
Ambroise ou Voilà ma journée,opéra,Opera,1810.0
Ambroise ou Voilà ma journée,opéra,Opera,1810.0
Ambroise ou Voilà ma journée,Opéra,Opera,1811.0
"Ambroise, ou Voilà ma journée",opéra,Opera,1810.0
"Ambroise, ou Voilà ma journée",opéra,Opera,1811.0
Amour & Mystère ou Lequel est mon Cousin,comédie,Comedy,1808.0
Amour & Mystère ou Lequel est mon Cousin,Comédie nouvelle,Comedy,1808.0
Amours & des Nymphes ou Diane Vaincue Par Cupidon,grand ballet pantomime,Other,1808.0
Argent et adresse,comédie,Comedy,1806.0
Argent et adresse,Comédie,Comedy,1806.0
Argent et adresse,comédie,Comedy,1806.0
Argent et Adresse,comédie,Comedy,1807.0
Ariane Abandonnée dans l'Ile de Naxos,Opéra,Opera,1807.0
Ariane Abandonnée dans l'Ile de Naxos,Opéra,Opera,1807.0
Ariane Abandonnée dans l'Ile de Naxos,grand opéra,Opera,1808.0
Ariane Abandonnée dans l'ile de Naxos,grand opéra,Opera,1810.0
Arlequin afficheur,Vaudeville,Vaudeville,1807.0
Arlequin apprenti magicien,Pantomime,Other,1807.0
Arlequin bon père,Comédie,Comedy,1807.0
Arlequin bon père,comédie,Comedy,1811.0
Arlequin bon père,comédie,Comedy,1811.0
Auteur dans son ménage,comédie nouvelle,Comedy,1810.0
Azémia ou les Sauvages,opéra,Opera,1806.0
Azémia ou les Sauvages,Opéra,Opera,1807.0
Azémia ou les Sauvages,Opéra,Opera,1808.0
Azémia ou les Sauvages,opéra,Opera,1808.0
Azémia ou les Sauvages,opéra,Opera,1809.0
Azémia ou les Sauvages,opéra,Opera,1809.0
Azémia ou les Sauvages,opéra,Opera,1809.0
Azémia ou les Sauvages,opéra,Opera,1810.0
Azémia ou les Sauvages,opéra,Opera,1810.0
Azémia ou les Sauvages,opéra,Opera,1810.0
Azémia ou les Sauvages,opéra,Opera,1811.0
Babillard,comédie,Comedy,1809.0
Babillard,Comédie,Comedy,1809.0
Ballet des deux Chasseurs & la Laitière,,Other,1808.0
Ballet des deux Chasseurs & la Laitière,Ballet pantomime,Other,1812.0
"Baudouin, Comte de Provence, ou Le retour des Croisades",mélodrame,Other,1811.0
Béverley,tragédie bourgeoise,Tragedy,1805.0
Béverley,tragédie bourgeoise,Tragedy,1806.0
Béverley,tragédie bourgeoise,Tragedy,1810.0
"Bion, ou les Philosophes de la Grèce",opéra,Opera,1812.0
"Bion, ou les Philosophes de la Grèce",opéra,Opera,1812.0
Bizarreries de la Fortune ou Le Jeune Philosophe,comédie nouvelle,Comedy,1809.0
Bizarreries de la Fortune ou Le Jeune Philosophe,comédie,Comedy,1810.0
Blaise & Babet,Opéra,Opera,1807.0
Blaise & Babet,opéra,Opera,1809.0
Blaise & Babet,opéra,Opera,1810.0
Blaise et Babet,opéra,Opera,1806.0
Blanc Blanc ou La Cassette Précieuse,Vaudeville,Vaudeville,1807.0
"Bonaparte de retour d'Egypte, ou La fameuse Journée de St-Cloud",historique,Other,1812.0
Bourgeois Gentilhomme,comédie ballet,Comedy,1812.0
Brigand ou la Tyrannie de Cromwel en Ecosse,drame historique,Drame,1810.0
Cadet Roussel Barbier,folie,Other,1810.0
Cadet Roussel Barbier,Folie,Other,1811.0
"Camille, ou Le Souterrain",opéra,Opera,1812.0
"Camille, ou Le Souterrain",opéra,Opera,1812.0
Canard & Canardin,vaudeville,Vaudeville,1806.0
Caprices de Galathée ou Le pouvoir de l'Amour,ballet Pantomime,Other,1808.0
Caprices de Galathée ou Le pouvoir de l'Amour,ballet Pantomime,Other,1811.0
Caroline ou Le Tableau,comédie nouvelle,Comedy,1806.0
Caroline ou Le Tableau,comédie nouvelle,Comedy,1806.0
Caroline ou Le Tableau,Comédie,Comedy,1806.0
Caroline ou Le Tableau,Comédie,Comedy,1807.0
Cartouche ou les Voleurs,comédie,Comedy,1809.0
"Casette Précieuse, ou Le Législateur malgré lui",Vaudeville,Vaudeville,1811.0
Cassandre Tout Seul ou Une Heure avant le Mariage,vaudeville nouveau,Vaudeville,1812.0
Cécile ou La Reconnaissance,Comédie nouvelle,Comedy,1807.0
Cécile ou La Reconnaissance,Comédie nouvelle,Comedy,1807.0
Cécile ou La Reconnaissance,Comédie,Comedy,1808.0
"Cecile, ou La Reconnaissance",comédie,Comedy,1811.0
"Cecile, ou La Reconnaissance",comédie,Comedy,1811.0
"Cécile, ou La Reconnaissance",comédie,Comedy,1811.0
Celestine,Opéra Nouveau,Opera,1808.0
Cephise ou l'Erreur de l'Espirit,Comédie,Comedy,1807.0
Céphise ou l'Erreur de l'esprit,comédie,Comedy,1807.0
Chasse d'Azor ou La Vengence de la Fée,mélo-drame,Drame,1808.0
"Château du Diable, ou Raoul de Salendrie",comédie héroïque,Comedy ,1811.0
"Châtiment des forfaits de Polichinel, ou Polichinel condamné à être pendu",,,1807.0
Claudine de Florian,Comédie nouvelle,Comedy,1808.0
Claudine de Florian,Comédie,Comedy,1808.0
Claudine de Florian,Comédie,Comedy,1808.0
Claudine de Florian,Comédie,Comedy,1808.0
Claudine de Florian,comédie,Comedy,1812.0
Clementine & Desormes,Drame,Drame,1807.0
Cœlina ou L'Enfant au Mystère,mélo-drame,Drame,1808.0
Colombine Mannequin,,Opera-Vaudeville,1807.0
Colombine Mannequin,,Opera-Vaudeville,1807.0
Colombine Mannequin,Opéra Vaudeville,Opera-Vaudeville,1807.0
Colombine Toute Seule,folie vaudeville,Vaudeville,1811.0
Combat d'Aboukir ou Le Peintre Français à Londres,"comédie historique, mêlée de vaudeville",Comedy-Vaudeville,1812.0
Comédiens Ambulans,comédie,Comedy,1809.0
Commerce de Nuit,comédie créole,Comedy,1808.0
Confidences,Opéra Nouveau,Opera,1808.0
Confidences,opéra,Opera,1808.0
Confidences,opéra,Opera,1809.0
Conjectures,comédie nouvelle,Comedy,1806.0
Conjectures,Comédie,Comedy,1806.0
Conjectures,Comédie,Comedy,1806.0
Conjectures,comédie,Comedy,1806.0
Conteur ou Les Deux Postes,comédie nouvelle,Comedy,1808.0
Conteur ou Les Deux Postes,Comédie nouvelle,Comedy,1808.0
Conteur ou Les Deux Postes,comédie,Comedy,1809.0
Conteur ou Les Deux Postes,Comédie,Comedy,1812.0
Conteur ou Les Deux Postes,Comédie,Comedy,1812.0
Contre-temps sur Contre-temps,Comédie,Comedy,1807.0
Contre-temps sur Contre-temps,Comédie,Comedy,1807.0
Contribution de Guerre,comédie,Comedy,1808.0
"Cricri, ou le Mitron de la rue Oursine",vaudeville nouveau,Vaudeville,1806.0
"Cricri, ou le Mitron de la rue Oursine",vaudeville nouveau,Vaudeville,1806.0
Crispin Médecin,Comédie,Comedy,1807.0
Crispin Médecin,,Comedy,1807.0
Crispin Médecin,,Comedy,1807.0
Crispin Médecin,comédie,Comedy,1808.0
Crispin Médecin,Comédie,Comedy,1808.0
Crispin Médecin,comédie,Comedy,1808.0
Danger des Liaisons,comédie nouvelle,Comedy,1809.0
Danger des Liaisons,comédie,Comedy,1809.0
Défiance & Malice,Comédie,Comedy,1808.0
Défiance & Malice,comédie,Comedy,1809.0
Défiance & Malice,comédie,Comedy,1809.0
Défiance & Malice,comédie,Comedy,1809.0
Défiance & Malice,comédie,Comedy,1810.0
Défiance & Malice,Comédie,Comedy,1812.0
Défiance et Malice,Comédie,Comedy,1806.0
Déjeuner de Garçon,Opéra nouveau,Opera,1808.0
Déjeuner de Garçon,opéra,Opera,1809.0
Déjeuner de Garçon,opéra,Opera,1811.0
"Délire, ou Les Suites d'une Erreur",Opéra Nouveau,Opera,1808.0
"Délire, ou Les Suites d'une Erreur",Opéra Nouveau,Opera,1808.0
"Délire, ou Les Suites d'une Erreur",Opéra,Opera,1809.0
"Délire, ou Les Suites d'une Erreur",opéra,Opera,1810.0
Démocrite Amoureux,comédie,Comedy,1811.0
Depit Amoureux,comédie,Comedy,1809.0
Dépit amoureux,,Comedy,1806.0
Dépit Amoureux,comédie,Comedy,1811.0
"Deux contrats, ou les Menteurs",comédie nouvelle,Comedy,1806.0
"Deux contrats, ou les Menteurs",Comédie,Comedy,1806.0
Deux Gendres,Comédie,Comedy,1811.0
Deux Gendres,Comédie nouvelle,Comedy,1811.0
Deux gendres,comédie,Comedy,1812.0
Deux Jumeaux de Bergame,Comédie,Comedy,1808.0
Deux petits Savoyards,,Opera,1806.0
Deux Petits Savoyards,Opéra,Opera,1807.0
Deux Petits Savoyards,Opéra,Opera,1808.0
Deux Petits Savoyards,opéra,Opera,1808.0
Deux Petits Savoyards,opéra,Opera,1809.0
Deux Petits Savoyards,opéra,Opera,1810.0
Deux petits Savoyards,opéra,Opera,1812.0
Deux petits Savoyards,opéra,Opera,1812.0
Deux petits Savoyards,opéra,Opera,1812.0
Devoir & la Nature,drame historique,Drame,1809.0
Devoir & la Nature,Drame,Drame,1809.0
Devoir & la Nature,drame,Drame,1811.0
Devoir & la Nature,Drame héroique,Drame,1811.0
Devoir & la Nature,Drame,Drame,1812.0
Distrait,comédie,Comedy,1807.0
Distrait,comédie,Comedy,1808.0
Distrait,comédie,Comedy,1808.0
Distrait,comédie,Comedy,1808.0
Don Juan Festin de Pierre ou Le Libertin Puni,comédie,Comedy,1805.0
Don Juan Festin de Pierre ou Le Libertin Puni,comédie,Comedy,1810.0
Don Juan ou La Vengeance Céleste,grande pantomime,Other,1807.0
Don Juan ou Le festin de pierre,comédie,Comedy,1806.0
Don Juan ou Le Festin de Pierre,Comédie,Comedy,1807.0
Don Juan ou Le festin de pierre,comédie,Comedy,1812.0
Don Juan ou Le Libertin Détruit,grande pantomime,Other,1807.0
Don Juan ou Le Libertin Puni,Grande-pantomime,Other,1808.0
"Don Juan, ou Le Libertin Puni",pantomime,Other,1811.0
"Duhautcours, ou L'Entrepreneur général des banqueroutes",comédie,Comedy,1812.0
Dupuis & Desronais,Comédie,Comedy,1807.0
Dupuis & Desronais,Comédie,Comedy,1807.0
Dupuis & Desronais,comédie,Comedy,1811.0
Echo & Narcisse ou Amour & Vengeance,grand ballet pantomime,Other,1808.0
Écossais à la Louisiane,comédie,Comedy,1808.0
Écossais à la Louisiane,comédie,Comedy,1808.0
Empiriques,Comédie,Comedy,1807.0
Empiriques,Comédie,Comedy,1807.0
Empiriques,Comédie,Comedy,1807.0
Enfin nous sommes en Etat ou le Mariage de Louisianette,comédie allégorique,Comedy,1812.0
Erreur & Sympathie ou le Crime Dévoilé,fait historique,Other,1811.0
Erreur & Sympathie ou le Crime Dévoilé,fait historique,Other,1811.0
Esope a la Foire,Comédie episodique,Comedy,1807.0
Esope à la foire,comédie épisodique,Comedy,1806.0
Esope à la Foire,comédie,Comedy,1811.0
Eugenie,Drame,Drame,1806.0
Eugenie,drame,Drame,1807.0
Eugénie,drame,Drame,1808.0
Eugénie,drame,Drame,1810.0
"Euphrosine, ou Le tyran corrigé",opéra,Opera,1806.0
"Euphrosine, ou Le tyran corrigé",Opéra,Opera,1806.0
"Euphrosine, ou Le tyran corrigé",Opéra,Opera,1806.0
"Euphrosine, ou Le tyran corrigé",Opéra,Opera,1806.0
"Euphrosine, ou Le tyran corrigé",opéra,Opera,1806.0
"Euphrosine, ou Le tyran corrigé",opéra,Opera,1810.0
"Euphrosine, ou Le tyran corrigé",opéra,Opera,1811.0
"Euphrosine, ou Le tyran corrigé",opéra,Opera,1811.0
"Euphrosine, ou Le tyran corrigé",opéra,Opera,1812.0
Fagotin,vaudeville nouveau,Vaudeville,1806.0
Fanchon la veilleuse,comédie,Comedy,1806.0
Fanchon la veilleuse,comédie,Comedy,1806.0
Fanchon la veilleuse,Vaudeville,Vaudeville,1807.0
Fanchon la veilleuse,Opéra-Vaudeville,Opera-Vaudeville,1811.0
Fanchon la veilleuse,opéra vaudeville,Opera-Vaudeville,1811.0
Fanchon la veilleuse,opéra vaudeville,Opera-Vaudeville,1812.0
Farces de Polichinel,,,1807.0
Fausses Apparences ou L'Amant Jaloux,opéra,Opera,1810.0
Fausses Apparences ou L'Amant Jaloux,opéra,Opera,1811.0
Fausses Consultations,comédie,Comedy,1808.0
Fauteuil,Comédie,Comedy,1807.0
Feintes Infidélités,opéra,Opera,1810.0
"Félix, ou l'enfant trouvé",opéra,Opera,1806.0
"Félix, ou l'enfant trouvé",opéra,Opera,1807.0
"Félix, ou l'enfant trouvé",Opéra,Opera,1807.0
"Félix, ou l'enfant trouvé",Opéra,Opera,1807.0
"Félix, ou l'enfant trouvé",opéra,Opera,1808.0
"Félix, ou l'enfant trouvé",Opéra,Opera,1808.0
"Félix, ou l'enfant trouvé",opéra,Opera,1808.0
"Félix, ou l'enfant trouvé",opéra,Opera,1811.0
"Félix, ou l'enfant trouvé",opéra,Opera,1811.0
Femme Médecin ou la Porte Secrette,comédie nouvelle,Comedy,1809.0
Femme Médecin ou la Porte Secrette,comédie nouvelle,Comedy,1809.0
Femme Médecin ou la Porte Secrette,comédie nouvelle,Comedy,1809.0
Femmes,Comédie nouvelle,Comedy,1808.0
"Fénélon, ou les Religieuses de Cambrai",Drame,Drame,1807.0
"Fénélon, ou les Religieuses de Cambrai",Drame,Drame,1807.0
"Fénélon, ou les Religieuses de Cambrai",dramé,Drame,1807.0
"Fénélon, ou les Religieuses de Cambrai",tragédie,Tragedy,1810.0
"Fénélon, ou les Religieuses de Cambrai",tragédie,Tragedy,1811.0
Fête de la Cinquantaine,Opéra Nouveau,Opera,1807.0
Fête de la Cinquantaine,opéra,Opera,1807.0
Fête de la Cinquantaine,opéra,Opera,1808.0
Fête de la Cinquantaine,Opéra,Opera,1808.0
Fête de la Cinquantaine,Opéra,Opera,1808.0
Fête de la Cinquantaine,opéra,Opera,1808.0
Fête de la Cinquantaine,opéra,Opera,1809.0
Fête de la Cinquantaine,opéra,Opera,1811.0
"Fitz Henry, ou La Maison des Fous",mélo-drame,Drame,1808.0
"Fitz Henry, ou La Maison des Fous",mélo-drame,Drame,1808.0
"Fitz Henry, ou La Maison des Fous",mélo-drame,Drame,1808.0
"Fitz Henry, ou La Maison des Fous",drame,Drame,1809.0
"Fitz Henry, ou La Maison des Fous",drame,Drame,1809.0
"Fitz Henry, ou La Maison des Fous",drame,Drame,1810.0
"Fitz Henry, ou La Maison des Fous",mélodrame,Drame,1811.0
"Fitz Henry, ou La Maison des Fous",Comédie,Comedy,1811.0
Florian,Opéra-vaudeville,Opera-Vaudeville,1807.0
Florian,opéra,Opera-Vaudeville,1807.0
Florian,Opéra-vaudeville,Opera-Vaudeville,1808.0
Florian,,Opera-Vaudeville,1808.0
Florian,vaudeville,Opera-Vaudeville,1811.0
Folie et raison,Comédie,Comedy,1806.0
Folies amoureuses,Comédie,Comedy,1807.0
Folies Amoureuses,Comédie,Comedy,1808.0
Folies Amoureuses,comédie,Comedy,1808.0
Folies Amoureuses,comédie,Comedy,1810.0
Folies Amoureuses,comédie,Comedy,1811.0
Forêt d'Hermanstat ou La Fausse Épouse,mélo-drame,Drame,1809.0
Forêt d'Hermanstat ou La Fausse Épouse,mélo-drame,Drame,1809.0
Forêt d'Hermanstat ou La Fausse Épouse,mélo-drame,Drame,1809.0
"Forêt Périlleuse, ou Les Brigands de la Calabre",Mélo-drame,Drame,1807.0
"Forêt Périlleuse, ou Les Brigands de la Calabre",drame,Drame,1810.0
Français à Londres,comédie,Comedy,1810.0
Français à Londres,comédie,Comedy,1810.0
Français à Londres,comédie,Comedy,1810.0
Francs Juges ou les Temps de Barbarie,mélo-drame historique,Drame,1808.0
Francs Juges ou les Temps de Barbarie,Drame,Drame,1808.0
Francs Juges ou les Temps de Barbarie,historique,Drame,1809.0
Francs Juges ou les Temps de Barbarie,mélo-drame,Drame,1809.0
Francs Juges ou les Temps de Barbarie,drame,Drame,1810.0
Francs Juges ou les Temps de Barbarie,drame héroïque,Drame,1810.0
Frosine ou la derniere venue,vaudeville,Vaudeville,1806.0
Frosine ou la derniere venue,vaudeville,Vaudeville,1808.0
Gaston & Bayard,tragédie,Tragedy,1809.0
Général Moreau au tombeau de Turenne,fait historique,Other,1811.0
Geneviève de Brabant,Pièce historique,Other,1812.0
Gentil Bernard,Vaudeville,Vaudeville,1807.0
Gentil Bernard,Comédie,Comedy,1807.0
Gentil Bernard,vaudeville,Vaudeville,1808.0
Georges et Pauline,vaudeville nouveau,Vaudeville,1806.0
Georges et Pauline,vaudeville nouveau,Vaudeville,1806.0
"Georges Times, ou le Jockey-maître",vaudeville nouveau,Vaudeville,1805.0
Glorieux,comédie,Comedy,1808.0
Glorieux,Comédie,Comedy,1812.0
"Gonzalve de Cordoue, ou Le siège de Grenade",pièce héroïque,Other,1812.0
"Gonzalve de Cordoue, ou Le siège de Grenade",comédie héroïque,Comedy,1812.0
"Guerre Ouvert, ou Ruse Contre Ruse",Comédie,Comedy,1807.0
Guerre ouverte ou ruse contre ruse,comédie,Comedy,1806.0
Guerre Ouverte ou Ruse contre Ruse,comédie,Comedy,1810.0
Guerre Ouverte ou Ruse contre Ruse,comédie,Comedy,1811.0
Gulistan ou Le Hulla de Samarcande,opéra,Opera,1809.0
Gulistan ou Le Hulla de Samarcande,opéra,Opera,1809.0
"Gulistan, ou Hulla de Sanmarcande",Opéra,Opera,1811.0
"Gulistan, ou Le hulla de Samarcande",opéra,Opera,1811.0
"Gulnare, ou l'Esclave persane",,Opera,1806.0
"Gulnare, ou l'Esclave persane",opéra,Opera,1806.0
"Gulnare, ou l'Esclave persane",opéra,Opera,1806.0
"Gulnare, ou l'Esclave persane",,Opera,1806.0
"Gulnare, ou l'Esclave persane",Opéra,Opera,1807.0
"Gulnare, ou l'Esclave persane",opéra,Opera,1808.0
"Gulnare, ou l'Esclave persane",opéra,Opera,1809.0
"Gulnare, ou l'Esclave persane",opéra,Opera,1809.0
"Gulnare, ou l'Esclave persane",opéra,Opera,1811.0
"Gulnare, ou l'Esclave persane",Opéra,Opera,1811.0
Héritier par testament,comédie,Comedy,1812.0
"Hermann & Verner, ou Les Deux Militaires",comédie,Comedy,1811.0
Heureusement,comédie,Comedy,1808.0
Heureusement,comédie,Comedy,1808.0
Holopherne et Judith,,,1807.0
Ida ou Le Jupon Vert,comédie anecdotique,Comedy,1811.0
"Il arrive, Il arrive, ou Le retour de M. Dumolet dans sa famille",Folie vaudeville,Vaudeville,1812.0
Il ne faut pas condamner sans entendre,vaudeville nouveau,Vaudeville,1805.0
Il ne faut pas condamner sans entendre,comédie proverbe,Comedy,1806.0
Isabelle & Rosalvo,Opéra,Opera,1807.0
Isabelle & Rosalvo,opéra,Opera,1810.0
Isabelle & Rosalvo,opéra,Opera,1810.0
Isabelle & Rosalvo,opéra,Opera,1810.0
Jaloux Malgré lui,comédie nouvelle,Comedy,1808.0
Jaloux Malgré lui,comédie nouvelle,Comedy,1808.0
Jaloux Malgré lui,comédie,Comedy,1809.0
Jaloux Malgré lui,comédie,Comedy,1809.0
Jambe de Bois ou la  Piété Filiale,opéra,Opera,1810.0
Jambe de Bois ou la Piété Filiale,opéra,Opera,1811.0
Jambe de Bois ou la Piété Filiale,opéra,Opera,1811.0
"Janot, ou Les battus paient l'amende",Comédie-proverbe,Comedy,1806.0
"Janot, ou Les battus paient l'amende",Proverbe Comédie-Parade,Comedy,1807.0
"Janot, ou Les battus paient l'amende",comédie,Comedy,1808.0
Jean qui Pleure & Jean qui Rit,comédie,Comedy,1808.0
Jean qui Pleure & Jean qui Rit,,Comedy,1808.0
Jean qui Pleure & Jean qui Rit,comédie,Comedy,1808.0
"Jérôme Pointu, ou Pour bien prêcher il faut prêcher d'exemple",comédie proverbe,Comedy,1806.0
"Jérôme Pointu, ou Pour bien prêcher il faut prêcher d'exemple",comédie,Comedy,1807.0
"Jérôme Pointu, ou Pour bien prêcher il faut prêcher d'exemple",Comédie,Comedy,1808.0
"Jérôme Pointu, ou Pour bien prêcher il faut prêcher d'exemple",Comédie,Comedy,1808.0
"Jérôme Pointu, ou Pour bien prêcher il faut prêcher d'exemple",comédie,Comedy,1809.0
Jeune Homme Enlevé ou La Coutume Hollandaise,Comédie nouvelle,Comedy,1808.0
Jeune Homme Enlevé ou La Coutume Hollandaise,Comédie nouvelle,Comedy,1808.0
Jeune Homme Enlevé ou La Coutume Hollandaise,comédie,Comedy,1809.0
Jeune Médicine ou l'Influences des Perruques,comédie,Comedy,1808.0
Jeune Sage & le Vieux Fou,comédie nouvelle,Comedy,1809.0
Jeune Sage & le Vieux Fou,comédie,Comedy,1809.0
Jeunesse d'Henri V,Comédie,Comedy,1808.0
Jeunesse d'Henri V,Comédie,Comedy,1808.0
Jeunesse d'Henri V,comédie,Comedy,1808.0
Jeunesse d'Henri V,Comédie,Comedy,1809.0
Jeunesse d'Henri V,comédie,Comedy,1809.0
John Bull ou Le coin du feu d'une famille anglaise,comédie,Comedy,1812.0
Joseph vendu par ses frères,opéra,Opera,1812.0
Joseph vendu par ses frères,opéra,Opera,1812.0
Joseph vendu par ses frères,opéra,Opera,1812.0
Joseph vendu par ses frères,opéra,Opera,1812.0
Julie ou Le Pot de Fleurs,opéra nouveau,Opera,1811.0
Julie ou Le Pot de Fleurs,opéra,Opera,1811.0
"Julie, ou Le Pot de Fleurs",Opéra,Opera,1811.0
"Julie, ou Le Pot de Fleurs",opéra,Opera,1812.0
L'Abbé de l'épée,drame,Drame-Comedy,1806.0
L'Abbé de l'épée,drame,Drame-Comedy,1806.0
L'Abbé de l'épée,drame,Drame-Comedy,1806.0
L'Abbé de l'épée,,Drame-Comedy,1806.0
L'Abbé de l'épée,Drame,Drame-Comedy,1807.0
L'Abbé de l'épée,,Drame-Comedy,1807.0
L'Abbé de l'épée,comédie,Drame-Comedy,1808.0
L'Abbé de l'épée,comédie historique,Drame-Comedy,1808.0
L'Abbé de l'épée,comédie,Drame-Comedy,1809.0
L'Abbé de l'épée,Drame,Drame-Comedy,1809.0
L'Abbé de l'épée,comédie,Drame-Comedy,1811.0
L'Abbé de l'épée,Drame historique,Drame-Comedy,1811.0
l'Alcade de Molorido,comédie,Comedy,1812.0
L'amant Bourru,Comédie,Comedy,1807.0
L'Amant Bourru,Comédie,Comedy,1807.0
L'Amant Bourru,comédie,Comedy,1810.0
L'Amant Jaloux,opéra,Opera,1810.0
L'Amant Jaloux ou Les Fausses Apparences,opéra,Opera,1809.0
L'Amant Jaloux ou Les Fausses Apparences,opéra,Opera,1809.0
L'Amant Jaloux ou Les Fausses Apparences,opéra,Opera,1810.0
L'Amant Jaloux ou Les Fausses Apparences,opéra,Opera,1811.0
L'Amant Jaloux ou Les Fausses Apparences,opéra,Opera,1811.0
L'Amant Jaloux ou Les Fausses Apparences,opéra,Opera,1811.0
L'amant statue,opéra,Opera-Comedy,1805.0
L'amant statue,opéra,Opera-Comedy,1806.0
L'amant statue,,Opera-Comedy,1806.0
L'Amant Statue,opéra,Opera-Comedy,1806.0
L'Amant Statue,opéra-comique,Opera-Comedy,1807.0
L'Amant Statue,Opéra,Opera-Comedy,1808.0
L'Amant Statue,opéra,Opera-Comedy,1810.0
L'Amant Statue,opéra,Opera-Comedy,1811.0
L'ami de la maison,opéra,Opera,1806.0
L'Amour Filial ou La Jambe de Bois,opéra nouveau,Opera,1809.0
L'Amour Filial ou La Jambe de Bois,opéra,Opera,1809.0
L'Amour Filial ou La Jambe de Bois,opéra,Opera,1810.0
L'Anglais à Bordeaux,comédie,Comedy,1805.0
L'Anglais à Bordeaux,comédie,Comedy,1810.0
L'Anglais à Bordeaux,comédie,Comedy,1811.0
L'Anglais à Paris,comédie,Comedy,1806.0
"L'Anglais, ou Le Fou Raisonnable",Comédie,Comedy,1808.0
"L'Anglais, ou Le Fou Raisonnable",comédie,Comedy,1810.0
L'Anglaise,dansée,Other,1809.0
L'autre tartuffe ou la Mère coupable,drame,Drame,1806.0
L'autre tartuffe ou la Mère coupable,drame,Drame,1806.0
L'autre tartuffe ou la Mère coupable,comédie,Comedy,1807.0
L'autre tartuffe ou la Mère coupable,drame,Drame,1808.0
L'autre tartuffe ou la Mère coupable,drame,Drame,1811.0
L'Avare,Comédie,Comedy,1807.0
L'Avare,comédie,Comedy,1810.0
L'Avare,comédie,Comedy,1811.0
L'Aveugle Clairvoyant,comédie,Comedy,1810.0
L'Avocat,comédie nouvelle,Comedy,1811.0
L'Avocat Chansonnier,,,1808.0
L'Avocat Patelin,,,1807.0
L'Avocat Patelin,,,1807.0
l'Ecole de l'Adolescence,comédie,Comedy,1809.0
l'Ecole de l'Adolescence,comédie,Comedy,1809.0
L'École des Banqueroutes,comédie,Comedy,1811.0
L'École des Banqueroutes,comédie,Comedy,1811.0
L'École des Bourgeois,comédie,Comedy,1810.0
L'école des femmes,Comédie,Comedy,1806.0
"L'Ecole Tragique, ou Cadet Roussel Maître de déclamation",Comédie,Comedy,1807.0
"L'Enrolement de Jeannot, ou Jeannot soldat & Déserteur condamné à mort et sauvé par Polichinel",,,1807.0
L'Enrôlement Supposé,Comédie,Comedy,1806.0
L'Enrôlement Supposé,comédie,Comedy,1811.0
l'Épée,drame,Drame,1807.0
l'Épée,drame,drame,1807.0
"L'Épingle & la Rose, ou Les Talismans d'Amour",comédie,Comedy,1811.0
"L'Épingle & la Rose, ou Les Talismans d'Amour",comédie nouvelle,Comedy,1811.0
L'Épreuve délicate,comédie nouvelle,Comedy,1806.0
L'Épreuve délicate,comédie,Comedy,1806.0
L'Épreuve délicate,comédie,Comedy,1807.0
L'Épreuve délicate,Comédie,Comedy,1807.0
L'Épreuve délicate,comédie,Comedy,1808.0
L'Épreuve délicate,comédie,Comedy,1808.0
L'Épreuve délicate,comédie,Comedy,1810.0
L'Épreuve délicate,comédie,Comedy,1811.0
L'Épreuve délicate,comédie,Comedy,1811.0
L'Épreuve délicate,comédie,Comedy,1811.0
L'Épreuve Réciproque,Comédie,Comedy,1806.0
L'Épreuve Réciproque,comédie,Comedy,1808.0
L'Épreuve villageoise,opéra,Opera,1806.0
L'Épreuve villageoise,opéra,Opera,1806.0
L'Épreuve villageoise,Opéra,Opera,1807.0
L'Épreuve villageoise,Opéra,Opera,1807.0
L'Épreuve villageoise,Opéra,Opera,1808.0
L'Épreuve villageoise,Opéra,Opera,1808.0
L'Épreuve villageoise,opéra,Opera,1809.0
L'Épreuve villageoise,opéra,Opera,1810.0
L'Épreuve villageoise,opéra,Opera,1810.0
L'Erreur d'un Moment,opéra,Opera,1811.0
L'Erreur d'un Moment,opéra,Opera,1811.0
L'Erreur d'un Moment,opéra,Opera,1811.0
L'Espiegle & le Dormeur ou le Revenant du Château de Beausol,comédie nouvelle,Comedy,1810.0
L'Espiegle & le Dormeur ou le Revenant du Château de Beausol,comédie,Comedy,1811.0
L'Esprit de Contradiction,comédie,Comedy,1808.0
L'Esprit Follet ou le Revenant des Pyrènées,comédie,Comedy,1810.0
L'Exilé de Sibérie ou L'Amour Filial,drame,Drame,1809.0
L'Habitant de la Guadeloupe,Comédie,Comedy,1805.0
L'Habitant de la Guadeloupe,Comédie,Comedy,1806.0
L'Habitant de la Guadeloupe,comédie,Comedy,1807.0
L'Habitant de la Guadeloupe,Comédie,Comedy,1808.0
L'Habitant de la Guadeloupe,comédie,Comedy,1808.0
L'Habitant de la Guadeloupe,comédie,Comedy,1810.0
L'Habitant de la Guadeloupe,comédie,Comedy,1810.0
L'Habitant de la Guadeloupe,drame,Drame,1811.0
"L'Héroisme de Poucha Houmma, ou la Fête du Petit Blé",historique,Other,1809.0
L'Heureuse erreur,comédie,Comedy,1812.0
L'Heureuse erreur,comédie,Comedy,1812.0
"L'Homme à 3 visages, ou Le Grand bandit",Drame historique,Drame,1807.0
L'Homme en deuil de lui-même,comédie,Comedy,1810.0
L'Homme en deuil de lui-même,comédie,Comedy,1810.0
L'Honnête Criminel,Drame,Drame,1806.0
"L'Honnête criminel, ou La piété familiale",,Drame,1806.0
"L'Honnête criminel, ou La piété familiale",drame,Drame,1806.0
"L'Honnête criminel, ou La piété familiale",drame,Drame,1806.0
"L'Honnête criminel, ou La piété familiale",comédie,Comedy,1812.0
L'Honnête Menteur,comédie,Comedy,1812.0
L'Honnête Menteur,comédie,Comedy,1812.0
"L'Hôpital Militaire, ou La garnison malade",fait historique,Other,1808.0
"L'Hôpital Militaire, ou La garnison malade",fait historique,Other,1808.0
"L'Hôpital Militaire, ou La garnison malade",vaudeville,Vaudeville,1808.0
"L'Hôpital Militaire, ou La garnison malade",vaudeville nouveau,Vaudeville,1808.0
"L'Hôpital Militaire, ou La garnison malade",vaudeville historique,Vaudeville,1809.0
"L'Hôpital Militaire, ou La garnison malade",fait historique,Other,1810.0
L'Impatient,Comédie,Comedy,1807.0
L'Impatient,Comédie,Comedy,1808.0
L'Impatient,comédie,Comedy,1810.0
L'Impatient,comédie,Comedy,1811.0
L'Impromptu De Campagne,comédie,Comedy,1808.0
L'Indépendance Américaine,pantomime,Other,1810.0
"L'Intrigue de Carrefour, ou Les Amours de Pommadin",comédie,Comedy-Vaudeville,1806.0
"L'Intrigue de Carrefour, ou Les Amours de Pommadin",Vaudeville,Comedy-Vaudeville,1806.0
"L'Intrigue de Carrefour, ou Les Amours de Pommadin",,Comedy-Vaudeville,1807.0
"L'Intrigue de Carrefour, ou Les Amours de Pommadin",vaudeville,Comedy-Vaudeville,1808.0
"L'Intrigue de Carrefour, ou Les Amours de Pommadin",vaudeville,Comedy-Vaudeville,1810.0
"L'Intrigue de Carrefour, ou Les Amours de Pommadin",comédie,Comedy-Vaudeville,1811.0
"L'Intrigue de Carrefour, ou Les Amours de Pommadin",folie vaudeville,Comedy-Vaudeville,1811.0
L'Intrigue épistolaire,,Comedy,1806.0
L'Intrigue épistolaire,comédie,Comedy,1806.0
L'Intrigue épistolaire,Comédie,Comedy,1807.0
L'Intrigue épistolaire,comédie,Comedy,1808.0
L'Intrigue épistolaire,comédie nouvelle,Comedy,1809.0
L'Intrigue épistolaire,comédie,Comedy,1811.0
"L'Intrigue Impromptu, ou il n'y a plus d'Enfans","comédie nouvelle, mêlée de vaudeville",Comedy-Vaudeville,1812.0
"L'Intrigue Impromptu, ou il n'y a plus d'Enfans",vaudeville ,Comedy-Vaudeville,1812.0
"L'Intrigue Impromptu, ou il n'y a plus d'Enfans",comédie vaudeville,Comedy-Vaudeville,1812.0
L'Irato ou L'Emporté,opéra bouffon,Opera,1811.0
L'Opéra Comique,opéra-comique,Opera-Comedy,1807.0
L'Opéra Comique,Opéra,Opera-Comedy,1807.0
L'Opéra Comique,opéra,Opera-Comedy,1807.0
L'Opéra Comique,opéra,Opera-Comedy,1808.0
L'Opéra Comique,Opéra,Opera-Comedy,1808.0
L'Opéra Comique,opéra,Opera-Comedy,1808.0
L'Opéra Comique,opéra,Opera-Comedy,1808.0
L'Opéra Comique,opéra,Opera-Comedy,1808.0
L'Opéra Comique,opéra,Opera-Comedy,1808.0
L'Opéra Comique,,Opera-Comedy,1809.0
L'Opéra Comique,opéra,Opera-Comedy,1809.0
L'Opéra Comique,opéra,Opera-Comedy,1810.0
L'Opéra Comique,opéra,Opera-Comedy,1810.0
L'Opéra Comique,Opéra,Opera-Comedy,1812.0
L'Original,Comédie nouvlle,Comedy,1807.0
L'Original,Comédie,Comedy,1807.0
L'Original,Comédie,Comedy,1807.0
L'Original,comédie,Comedy,1808.0
L'Original,comédie,Comedy,1808.0
L'Original,comédie,Comedy,1809.0
L'Original,comédie,Comedy,1811.0
L'un pour l'autre,comédie vaudeville,Comedy-Vaudeville,1806.0
L'un pour l'autre,vaudeville,Comedy-Vaudeville,1806.0
L'un pour l'autre,vaudeville,Comedy-Vaudeville,1806.0
La Banqueroute du savetier à propos de botte,vaudeville,Vaudeville,1806.0
La Banqueroute du savetier à propos de botte,vaudeville,Vaudeville,1806.0
La Banqueroute du savetier à propos de botte,,Vaudeville,1806.0
La Banqueroute du savetier à propos de botte,,Vaudeville,1806.0
La Banqueroute du savetier à propos de botte,,Vaudeville,1806.0
La Banqueroute du savetier à propos de botte,vaudeville,Vaudeville,1808.0
La Banqueroute du savetier à propos de botte,vaudeville,Vaudeville,1808.0
La Belle Arsene,opéra,Opera,1809.0
La Belle Arsène,,Opera,1806.0
La Belle Arsène,Opéra féerie,Opera,1806.0
La Belle Arsène,Opéra-séerie,Opera,1808.0
La Belle Arsène,opéra féerie,Opera,1808.0
La Belle Arsène,opéra-séerie,Opera,1808.0
La Belle Arsène,Opéra séerie,Opera,1809.0
La Belle Arsène,,Opera,1811.0
La Belle Arsène,opéra-féerie,Opera,1811.0
"La Boîte de Pandore, La Bouteille Physique, La Bouteille complaisante & La Pénsée secrète",,,1807.0
La Bonne Sœur,comédie,Comedy,1810.0
La Cacophonie,comédie,Comedy,1809.0
La Cacophonie,comédie,Comedy,1809.0
La Caravane du Caire,opéra,Opera,1806.0
La Caravane du Caire,opéra,Opera,1808.0
La Caravane du Caire,grand opéra,Opera,1809.0
La Caravane du Caire,opéra,Opera,1810.0
La Caravane du Caire,Grand Opéra,Opera,1811.0
La Caravane du Caire,Grand opéra,Opera,1811.0
La Chasse interrompue ou Méléagre champenios,vaudeville nouveau,Vaudeville,1806.0
La chercheuse d'esprit,Ballet pantomime,Other,1806.0
La chercheuse d'esprit,,Other,1806.0
La Colonie,Opéra,Opera,1806.0
La Colonie,opéra,Opera,1809.0
La Contribution de Guerre,Comédie nouvelle,Comedy,1808.0
La Contribution de Guerre,Comédie nouvelle,Comedy,1808.0
La Course ou Les Jockeys,Comédie nouvelle,Comedy,1808.0
La Danse Interrompue,vaudeville nouveau,Comedy-Vaudeville,1805.0
La Danse Interrompue,vaudeville nouveau,Comedy-Vaudeville,1806.0
La Danse Interrompue,vaudeville,Comedy-Vaudeville,1806.0
La Danse Interrompue,,Comedy-Vaudeville,1807.0
La Danse Interrompue,Vaudeville,Comedy-Vaudeville,1807.0
La Danse Interrompue,vaudeville,Comedy-Vaudeville,1808.0
La Danse Interrompue,Vaudeville,Comedy-Vaudeville,1809.0
La Danse Interrompue,vaudeville,Comedy-Vaudeville,1810.0
La Danse Interrompue,vaudeville,Comedy-Vaudeville,1811.0
La Danse Interrompue,comédie vaudeville,Comedy-Vaudeville,1811.0
"La défaite du Théâtre de Polichinel, ou Polichinel mis à mort par les siens",grand spectacle,Other,1807.0
La Dernière Campagne du Rhin ou La Colonne de Rosback,comédie historique,Comedy,1809.0
La Dinde du Mans ou la Bonne Aubaine,comédie,Comedy-Vaudeville,1808.0
La Dinde du Mans ou la Bonne Aubaine,vaudeville nouveau,Comedy-Vaudeville,1808.0
La Dinde du Mans ou la Bonne Aubaine,vaudeville,Comedy-Vaudeville,1808.0
La Dinde du Mans ou la Bonne Aubaine,comédie,Comedy-Vaudeville,1810.0
La Dot,opéra,Opera,1806.0
La Dot,opéra,Opera,1807.0
La Dot,Opéra,Opera,1807.0
La Dot,opéra,Opera,1808.0
La Dot,opéra,Opera,1808.0
La Famille indigente,opéra,Opera,1812.0
La Famille indigente,opéra,Opera,1812.0
La Fausse Agnès ou Le Poëte Campagnard,comédie,Comedy,1808.0
La Fausse Agnès ou Le Poëte Campagnard,comédie,Comedy,1808.0
La Fausse Agnès ou Le Poëte Campagnard,comédie,Comedy,1808.0
La Fausse Agnès ou Le Poëte Campagnard,comédie,Comedy,1808.0
La Fausse Agnès ou Le Poëte Campagnard,comédie,Comedy,1809.0
La Fausse Agnès ou Le Poëte Campagnard,comédie,Comedy,1809.0
La Fausse magie,opéra,Opera,1806.0
La Fausse magie,Opéra,Opera,1806.0
La Fausse magie,,Opera,1806.0
La Fausse Magie,Opéra ,Opera ,1806.0
La Fausse Magie,opéra,Opera,1807.0
La Fausse Magie,opéra,Opera,1809.0
La Fausse Magie,opéra,Opera,1810.0
La Feinte par amour,Comédie,Comedy,1806.0
La Feinte par amour,comédie,Comedy,1806.0
La feinte par Amour,comédie,Comedy,1807.0
La Feinte par Amour,Comédie,Comedy,1808.0
La Feinte par Amour,Comédie,Comedy,1809.0
La Feinte par Amour,comédie,Comedy,1809.0
La Feinte par Amour,comédie,Comedy,1812.0
La Femme à deux Maris,mélodrame,Drame,1806.0
La Femme à deux Maris,Mélo drame,Drame,1806.0
La Femme à deux Maris,drame,Drame,1806.0
La Femme à deux Maris,mélodrame,Drame,1807.0
La Femme à deux Maris,Mélo drame,Drame,1807.0
La Femme à deux Maris,mélodrame,Drame,1810.0
La Femme à deux Maris,drame historique,Drame,1811.0
La Femme de 45 ans,comédie nouvelle,Comedy,1809.0
La Femme de 45 ans,comédie,Comedy,1809.0
La Femme Jalouse,Comédie,Comedy,1808.0
La Femme Jalouse,comédie,Comedy,1808.0
La Femme Jalouse,comédie,Comedy,1808.0
La Femme Jalouse,comédie,Comedy,1811.0
La Femme Jalouse,Comédie,Comedy,1811.0
La Femme Jalouse,Comédie,Comedy,1811.0
La femme juge et partie,comédie,Comedy,1805.0
La femme juge et partie,comédie,Comedy,1805.0
La Femme qui a raison,Comédie,Comedy,1807.0
La Femme qui a raison,Comédie,Comedy,1808.0
La Femme Romanesque,Comédie nouvelle,Comedy,1808.0
La Femme Romanesque,Comédie nouvelle,Comedy,1808.0
"La Folle journée, ou Le mariage de Figaro",,Comedy,1808.0
"La Folle journée, ou Le mariage de Figaro",comédie,Comedy,1808.0
"La Folle journée, ou Le mariage de Figaro",comédie,Comedy,1810.0
"La Folle journée, ou Le mariage de Figaro",comédie,Comedy,1811.0
"La Folle journée, ou Le mariage de Figaro",Comédie,Comedy,1812.0
La Forét Noire,grande-pantomime,Other,1807.0
La Forteresse du Danube,Mélo drame,Drame,1806.0
La Gageure Imprévue,Comédie,Comedy,1806.0
La Gageure Imprévue,comédie,Comedy,1806.0
La Gageure Imprévue,Comédie,Comedy,1807.0
La Gageure Imprévue,comédie,Comedy,1808.0
La Gageure Imprévue,comédie,Comedy,1808.0
La Gageure Imprévue,comédie,Comedy,1811.0
La Jeune Femme Colère,comédie,Opera-Vaudeville-Comedy,1808.0
La Jeune Femme Colère,vaudeville,Opera-Vaudeville-Comedy,1808.0
La Jeune Femme Colère,comédie,Opera-Vaudeville-Comedy,1808.0
La Jeune Femme Colère,comédie,Opera-Vaudeville-Comedy,1809.0
La Jeune Femme Colère,,Opera-Vaudeville-Comedy,1809.0
La Jeune Femme Colère,Opéra nouveau,Opera-Vaudeville-Comedy,1811.0
La Jeune Femme Colère,opéra,Opera-Vaudeville-Comedy,1812.0
La Jeune Femme Colère,opéra,Opera-Vaudeville-Comedy,1812.0
La Jeune Femme Colère,opéra,Opera-Vaudeville-Comedy,1812.0
La jeune Hôtesse,Comédie,Comedy,1806.0
"La Jeune mère, ou Les acteurs de société",Comédie nouvelle,Opera-Comedy,1807.0
"La Jeune mère, ou Les acteurs de société",Comédie nouvelle,Opera-Comedy,1807.0
"La Jeune mère, ou Les acteurs de société",opéra,Opera-Comedy,1810.0
La Jeunesse du Duc de Richelieu ou le Lovelace Français,drame,Comedy-Drame,1809.0
"La jeunesse du Duc de Richelieu, ou le Lovelace Français",,Comedy-Drame,1807.0
La jeunesse du Duc de Richlieu ou Le Lovelace Francais,comédie,Comedy-Drame,1807.0
La jeunesse du Duc de Richlieu ou Le Lovelace Francais,comédie,Comedy-Drame,1807.0
La Jolie Parfumeuse,vaudeville nouveau,Vaudeville,1807.0
La Jolie Parfumeuse,Vaudeville,Vaudeville,1807.0
La Jolie Parfumeuse,,Vaudeville,1807.0
La Jolie Parfumeuse,Vaudeville,Vaudeville,1807.0
La Jolie Parfumeuse,vaudeville,vaudeville,1808.0
La Lanterne Magique ou Le Cordonnier de Damas,grand spectacle,Other,1807.0
La Leçon de Botanique ou Les Deux Peres,comédie nouvelle,Comedy,1809.0
La Leçon de Botanique ou Les Deux Peres,comédie,Comedy,1809.0
La Leçon de Botanique ou Les Deux Peres,comédie,Comedy,1809.0
La Leçon de Botanique ou Les Deux Peres,comédie,Comedy,1809.0
La Leçon de Botanique ou Les Deux Peres,comédie,Comedy,1809.0
La Leçon de Botanique ou Les Deux Peres,comédie,Comedy,1810.0
La Leçon de Botanique ou Les Deux Peres,comédie,Comedy,1811.0
La Leçon de Botanique ou Les Deux Peres,comédie,Comedy,1811.0
La Leçon de Botanique ou Les Deux Peres,comédie,Comedy,1811.0
La Leçon de Botanique ou Les Deux Peres,Comédie,Comedy,1812.0
La Leçon de Botanique ou les Deux Pères,comédie,Comedy,1810.0
La Leçon de Botanique ou les Deux Pères,comédie,Comedy,1811.0
La Lettre sans adresse,vaudeville,vaudeville,1805.0
La Lettre sans adresse,vaudeville,vaudeville,1805.0
"La maison isolée, ou Le vieillard des Voges",Opéra,Opera,1812.0
"La maison isolée, ou Le vieillard des Voges",Opéra,Opera,1812.0
"La maison isolée, ou Le vieillard des Voges",opéra,Opera,1812.0
"La maison isolée, ou Le vieillard des Voges",opéra,Opera,1812.0
"La maison isolée, ou Le vieillard des Voges",Opére,Opére,1812.0
La Manie de briller ou L'Ecole de Negocians,Comédie,Comedy,1811.0
La Manie de briller ou L'Ecole de Negocians,Comédie,Comedy,1812.0
La Matelote Hollandaise,danse,Other,1810.0
La mélomanie,opéra,Opera,1806.0
La Mélomanie,Opéra,Opera,1806.0
La Mélomanie,,Opera,1807.0
La Mélomanie,opéra,Opera,1807.0
La Mélomanie,Opéra,Opera,1807.0
La Mélomanie,opéra,Opera,1807.0
La Mélomanie,opéra,Opera,1808.0
La Mélomanie,opéra,Opera,1808.0
La Mélomanie,opéra,Opera,1810.0
La Mélomanie,opéra,Opera,1811.0
La Mère Loque ou Le Café des Comédiens,comédie,Comedy,1810.0
la Mère Rivale,comédie,Comedy,1809.0
La Momie ou l'Amateur de Curiosités,comédie,Comedy,1809.0
La Mort d'Abel,tragédie,Tragedy,1808.0
La Mort d'Abel,tragédie,Tragedy,1808.0
La Mort de Louis XVI,tragédie,Tragedy,1808.0
La Mort de Louis XVI,tragédie,Tragedy,1808.0
La Mort de Néron,comédie,Comedy,1809.0
La Mort de St.-Phillipe tué par St.-Pierre,Comédie Héroï-Tragi-Comique,Vaudeville-Comedy-Tragedy,1808.0
La Mort de St.-Phillipe tué par St.-Pierre,Comédie Héroï-Tragi-Comique,Vaudeville-Comedy-Tragedy,1808.0
La Mort de St.-Phillipe tué par St.-Pierre,vaudeville,Vaudeville-Comedy-Tragedy,1808.0
La Mort du Capitaine Cook,Pantomime à grand spectacle,Other,1808.0
La Mort du Capitaine Cook,,Other,1808.0
La Mort du Capitaine Cook,Pantomime,Other,1808.0
La Mort du Capitaine Cook,grande pantomime héroïque,Other,1811.0
"La Mort du Maréchal de Turenne, ou La Bataille de Saspack",historique,historique,1809.0
"La Mort du Maréchal de Turenne, ou La Bataille de Saspack",comédie héroïque,Comedy,1811.0
La Noce sans Mariage,comédie nouvelle,Comedy,1812.0
La Nuit aux Aventures ou Les Deux Morts Vivants,Comédie,Comedy,1807.0
La Nuit d'Auberge ou Adonis de Château Vilain,comédie nouvelle,Comedy,1810.0
La Paix ou Retour du bon Fils,Comédie,Comedy,1807.0
La Paix ou Retour du bon Fils,Comédie,Comedy,1807.0
La Partie De Chasse D' Henry IV,Comédie,Comedy,1807.0
La Partie de Chasse d'Henri IV,comédie,Comedy,1806.0
La Partie de Chasse d'Henri IV,comédie,Comedy,1806.0
La Partie de Chasse d'Henri IV,comédie,Comedy,1810.0
La Partie de Chasse d'Henri IV,comédie,Comedy,1810.0
La Partie de Chasse d'Henri IV,comédie,Comedy,1811.0
La Partie de Chasse d'Henry IV,comédie,Comedy,1806.0
La Partie de Chasse d'Henry IV,comédie,Comedy,1811.0
La Perruque Blonde,Comédie,Comedy,1806.0
La Perruque Blonde,,Comedy,1807.0
La Petite Glaneuse,Drame,Drame,1807.0
La Petite Ville,Comédie,Comedy,1808.0
La Petite Ville,comédie,Comedy,1810.0
La Prison Militaire ou Les Trois Prisonniers,Comédie,Comedy,1808.0
"La Resolution Inutile, ou Les Déguisemens Amoureux",comédie,Comedy,1811.0
La Resurrection de St. Philippe ou Petit Bonhomme Vit Encore, , ,1809.0
La Romance ou Le Pouvoir de la Musique,Opéra,Opera,1811.0
La Romance ou Le Pouvoir de la Musique,opéra,Opera,1811.0
La Rosière de Salency,Opéra,Opera,1807.0
La Rosière de Salency,opéra,Opera,1807.0
La Rosière de Salency,opéra,Opera,1808.0
La Rosière de Salency,opéra,Opera,1808.0
La Rosière de Salency,opéra,Opera,1811.0
La Ruse Inutile,Opéra Nouveau,Opera,1808.0
La Ruse Inutile,opéra,Opera,1808.0
La Ruse Inutile,Opéra,Opera,1808.0
La Ruse Inutile,Opéra,Opera,1808.0
La Ruse Inutile,opéra,Opera,1808.0
La Ruse Inutile,opéra,Opera,1811.0
La Ruse Inutile,opéra,Opera,1811.0
La Ruse Inutile,Opéra,Opera,1811.0
La Servante Maîtresse,opéra,Opera,1809.0
La Servante Maîtresse,opéra,Opera,1809.0
La Soirée orageuse,opéra,Opera-Comedy,1806.0
La Soirée orageuse,,Opera-Comedy,1806.0
La Soirée orageuse,,Opera-Comedy,1806.0
La Soirée Orageuse,Opéra,Opera-Comedy,1807.0
La Soirée Orageuse,opéra-comique,Opera-Comedy,1807.0
La Soirée Orageuse,Opéra,Opera-Comedy,1807.0
La Soirée Orageuse,Opéra,Opera-Comedy,1808.0
La Soirée Orageuse,opéra,Opera-Comedy,1811.0
"La veuve Calas à Paris, ou Le triomphe de Voltaire",comédie,Comedy,1811.0
"La veuve Calas à Paris, ou Le triomphe de Voltaire",comédie,Comedy,1811.0
La Veuve Du Malabar,Tragédie,Tragedy,1807.0
La Vie est un Songe,comédie héroïque,Comedy,1808.0
Laure & Fernando,drame,Drame,1806.0
Laure & Fernando,comédie,Comedy,1812.0
"Laure et Selm[a], ou Le divorce manqué",vaudeville nouveau,Vaudeville,1806.0
Le Barbier de Séville,opéra,Opera,1805.0
Le Barbier de Séville,opéra,Opera,1806.0
Le Barbier de Séville,comédie,Comedy,1806.0
Le Barbier de Séville,Comédie,Comedy,1808.0
Le Barbier de Séville,comédie,Comedy,1810.0
Le barbier dentiste aux ombres impalpables,,,1807.0
Le Bourru beinfaisant,comédie,Comedy,1806.0
Le Bourru beinfaisant,comédie,Comedy,1806.0
Le Bourru beinfaisant,Comédie,Comedy,1806.0
Le Bourru beinfaisant,Comédie,Comedy,1807.0
Le Bourru beinfaisant,comédie,Comedy,1808.0
Le Bourru Bienfaisant,comédie,Comedy,1811.0
Le Bucheron & le Glouton,,,1807.0
Le Calife de Bagdad,opéra nouveau,Opera,1805.0
Le Calife de Bagdad,opéra nouveau,Opera,1806.0
Le Calife de Bagdad,opéra nouveau,Opera,1806.0
Le Calife de Bagdad,opéra,Opera,1807.0
Le Calife de Bagdad,opéra,Opera,1808.0
Le Calife de Bagdad,opéra,Opera,1809.0
Le Calife de Bagdad,opéra,Opera,1810.0
Le Calife de Bagdad,opéra,Opera,1811.0
Le Calife de Bagdad,Opéra,Opera,1811.0
Le Calife de Bagdad,Opéra,Opera,1812.0
Le Chanoine de Milan,,Comedy,1806.0
Le Chanoine de Milan,Comédie,Comedy,1806.0
Le Chanoine de Milan,comédie,Comedy,1807.0
Le Coin du feu,opéra,Opera,1805.0
Le Coin du feu,opéra,Opera,1806.0
Le Coin du feu,opéra,Opera,1806.0
Le Coin du feu,opéra,Opera,1806.0
Le Coin du feu,Opéra,Opera,1806.0
Le Coin du feu,opéra,Opera,1810.0
Le Coin du feu,opéra,Opera,1811.0
Le collateral ou La diligence à Joigny,Comédie,Comedy,1806.0
Le Collateral ou La Diligence à Joigny,,Comedy,1807.0
Le collateral ou La diligence à Joigny,comédie,Comedy,1811.0
Le Collatéral ou La Diligence à Joigny,comédie,Comedy,1809.0
Le Combat des Thermopiles ou l'Ecole des Guerriers,héroïque nouvelle,Other,1807.0
Le Combat des Thermopiles ou l'Ecole des Guerriers,héroïque nouvelle,Other,1807.0
"Le Comte de Waltron, ou La Discipline millitaire du nord",Pièce à grand spectale,Drame-Comedy,1807.0
"Le Comte de Waltron, ou La Discipline millitaire du nord",Pièce à grand spectale,Drame-Comedy,1807.0
"Le Comte de Waltron, ou La Discipline millitaire du nord",Pièce héroïque,Drame-Comedy,1808.0
"Le Comte de Waltron, ou La Discipline millitaire du nord",drame héroïque,Drame-Comedy,1810.0
"Le Comte de Waltron, ou La Discipline millitaire du nord",comédie héroïque,Drame-Comedy,1812.0
Le Consentement Forcé,,Comedy,1807.0
Le Consentement Forcé,,Comedy,1807.0
Le Consentement forcé,pantomime,Comedy,1807.0
Le Consentement Forcé,comédie,Comedy,1807.0
Le Consentement Forcé,comédie,Comedy,1807.0
Le Consentement Forcé,Comédie,Comedy,1807.0
Le Consentement Forcé,comédie,Comedy,1808.0
Le Dépit Amoureux,comédie,Comedy,1807.0
Le Dépit Amoureux,comédie,Comedy,1808.0
Le Déserteur,Opéra,Drame-Opera,1806.0
Le Déserteur,Opéra,Drame-Opera,1807.0
Le Déserteur,opéra,Drame-Opera,1807.0
Le Déserteur,drame,Drame-Opera,1810.0
Le Déserteur,Drame,Drame-Opera,1810.0
Le Déserteur,opéra,Drame-Opera,1810.0
Le Déserteur,drame,Drame-Opera,1811.0
Le Déserteur,opéra,Drame-Opera,1811.0
Le Déserteur,drame,Drame-Opera,1811.0
Le Déserteur ,opéra,Drame-Opera,1806.0
"Le Déserteur, ou la Noce supposée",grand ballet Pantomime,Other,1808.0
"Le Déserteur, ou La noce supposée",grand ballet pantomime,Other,1808.0
Le Devoir & La Nature,drame,Drame,1809.0
Le Devoir & La Nature,drame,Drame,1809.0
Le Directeur dans l'embarras,opéra,Opera,1807.0
Le Directeur hors d'embarras ou A quelque chose malheur est bon,vaudeville -proverbe nouveau,Vaudeville,1808.0
Le Duel de onze heures ou l'Anglais à Paris,comédie,Comedy,1807.0
Le Duel de onze Heures ou l'Anglais à Paris,comédie,Comedy,1810.0
"Le faux roi de Pologne, ou La revanche",comédie nouvelle,Comedy,1811.0
"Le faux roi de Pologne, ou La revanche",Comédie,Comedy,1812.0
"Le faux roi de Pologne, ou La revanche",comédie,Comedy,1812.0
"Le faux roi de Pologne, ou La revanche",comédie,Comedy,1812.0
Le Fou raisonnable,comédie,Comedy,1805.0
Le Fou raisonnable,Comédie,Comedy,1806.0
Le Fou raisonnable,comédie,Comedy,1809.0
Le Fou raisonnable,comédie,Comedy,1810.0
Le Grand Frederic Roi De Prusse,Mélo drame,Drame,1807.0
Le Grand Frédéric Roi de Prusse,,Drame,1807.0
Le jardinier rajeuni par l'amour,Ballet pantomime,Other,1812.0
Le jockey-maître,,,1806.0
Le Joueur,comédie,Comedy,1808.0
Le Joueur,Comédie,Comedy,1808.0
Le Joueur d'Échecs,comédie,Comedy,1808.0
Le Jugement de Midas,Opéra,Opera,1806.0
Le Jugement de Midas,opéra,Opera,1806.0
Le Jugement de Midas,opéra,Opera,1806.0
Le Jugement de Midas,opéra,Opera,1807.0
Le Jugement de Midas,Opéra,Opera,1807.0
Le Jugement de Midas,Opéra,Opera,1807.0
Le Jugement de Midas,Opéra,Opera,1808.0
Le Jugement de Midas,opéra,Opera,1808.0
Le Jugement de Midas,opéra,Opera,1809.0
Le Jugement de Midas,Opéra,Opera,1811.0
Le Jugement de Salomon,mélo-drame,Drame,1809.0
Le Légataire universel,comédie,Comedy,1806.0
Le Lord Porter à Paris ou le Duel d'onze hueres,Comédie,Comedy,1806.0
Le Malade Imaginaire,,Comedy,1807.0
Le Malade Imaginaire,comédie,Comedy,1809.0
"Le Maréchal des Logis, ou Le Bon Coeur d'un Soldat Français",Pantomime héroïque,Other,1807.0
Le Maréchal ferrant,,,1806.0
Le Mariage de Nina Vernon ou La Suite de la Petite Ville,comédie,Comedy,1810.0
Le Mariage du Capucin,drame,Drame,1805.0
Le Mariage du Capucin,drame,drame,1806.0
Le Mariage du Capucin,Comédie,Comedy,1806.0
Le Mariage Forcé,comédie,Comedy,1810.0
Le Mariage Forcé,comédie,Comedy,1810.0
Le Mariage Forcé,comédie,Comedy,1811.0
"Le Médecin des Fous, ou Les Epouseurs",comédie,Comedy,1812.0
Le Medecin Malgré Lui,Comédie,Comedy,1807.0
Le Médecin Malgré Lui,comédie,Comedy,1807.0
Le Médecin Malgré Lui,comédie,Comedy,1810.0
Le Mensonge Excusable,Comédie,Comedy,1808.0
Le Mensonge Excusable,comédie,Comedy,1810.0
Le Mensonge Excusable,comédie,Comedy,1810.0
Le Milicien,opéra,Opera,1810.0
Le Milicien,opéra,Opera,1810.0
Le Milicien,opéra,Opera,1811.0
Le Moulin de Sans-Souci,Comédie,Comedy,1807.0
"Le Moulin de Sans-Souci, ou Une matinée de Frédéric",comédie,Comedy,1807.0
Le Page,drame,Drame,1808.0
"Le Petit Cézar, ou La Famille des Pyrénées",Mélo-drame,Drame,1807.0
"Le Petit Cézar, ou La Famille des Pyrénées",Mélo-drame,Drame,1807.0
Le petit voltigeur Nçais,,,1807.0
Le Philinte de Moliere,comédie,Comedy,1807.0
Le Philosophe sans le Savoir,comédie,Comedy,1810.0
"Le Prisonnier, ou La Ressemblance",Opéra,Opera,1811.0
"Le Prisonnier, ou La Ressemblance",opéra,Opera,1811.0
"Le Prisonnier, ou La Ressemblance",opéra,Opera,1811.0
"Le Prisonnier, ou La Ressemblance",Opéra,Opera,1812.0
"Le Prisonnier, ou La Ressemblance",opéra,Opera,1812.0
Le Retour de Mari,comédie,Comedy,1808.0
Le Retour du Mari,Comédie nouvelle,Comedy,1807.0
Le rêve ou La colonne de Rosback (ou La colonne de Rosbach),vaudeville anecdotique,Comedy-Vaudeville,1811.0
Le rêve ou La colonne de Rosback (ou La colonne de Rosbach),comédie vaudeville,Comedy-Vaudeville,1811.0
"Le réveil de Polichinel par le Papillon, ou les Infortunes de Polichinel",Comédie,Comedy,1807.0
Le Roi Lear,tragédie,Tragedy,1806.0
"Le Sourd, ou l'Auberge pleine",comédie,Comedy,1806.0
"Le Sourd, ou L'Auberge pleine",Comédie,Comedy,1807.0
"Le Sourd, ou l'Auberge pleine",comédie,Comedy,1808.0
"Le Sourd, ou L'Auberge pleine",Comédie,Comedy,1808.0
"Le Sourd, ou l'Auberge pleine",comédie,Comedy,1808.0
"Le Sourd, ou L'Auberge pleine",comédie,Comedy,1808.0
"Le Sourd, ou l'Auberge pleine",comédie,Comedy,1809.0
"Le Sourd, ou L'Auberge pleine",comédie,Comedy,1810.0
"Le Sourd, ou L'Auberge pleine",comédie,Comedy,1811.0
"Le Sourd, ou L'Auberge Pleine",comédie,Comedy,1812.0
Le tableau de Raphaël,vaudeville,Vaudeville,1806.0
Le Tableau Parlant,opéra,Opera,1805.0
Le Tableau Parlant,opéra,Opera,1806.0
Le Tableau Parlant Travesti,,,1807.0
Le Taciturne,comédie,Comedy,1806.0
Le Taciturne,comédie,Comedy,1806.0
Le Tonnelier,opéra comique,Opera-Comedy,1810.0
Le Tonnelier,opéra,Opera-Comedy,1810.0
Le Tonnelier,opéra,Opera-Comedy,1810.0
Le Tonnelier,opéra,Opera-Comedy,1811.0
Le Tyran Domestique,comédie nouvelle,Comedy,1807.0
Le Tyran Domestique,,Comedy,1807.0
Le Valet à deux Maîtres,opéra nouveau,Opera,1809.0
Le Vieux célibataire,Comédie,Comedy,1806.0
Le Vieux célibataire,comédie,Comedy,1806.0
Le Vieux célibataire,comédie,Comedy,1806.0
Le Vieux célibataire,comédie,Comedy,1806.0
Le Vieux Comédien,Comédie,Comedy,1808.0
Le Vieux Comédien,comédie,Comedy,1808.0
Le Vieux Comédien,comédie,Comedy,1809.0
Le Vieux Major,comédie,Comedy-Vaudeville,1806.0
Le Vieux Major,,Comedy-Vaudeville,1806.0
Le Vieux Major,vaudeville,Comedy-Vaudeville,1807.0
Le Vieux Major,Comédie mélée de chants,Comedy-Vaudeville,1807.0
Le Vieux Major,vaudeville,Comedy-Vaudeville,1809.0
Le Vieux Major,vaudeville,Comedy-Vaudeville,1809.0
Légataire universel,comédie,Comedy,1805.0
Légataire Universel,comédie,Comedy,1810.0
"Législateur Malgré lui, ou la Cassette Précieuse",Vaudeville,Vaudeville,1811.0
Leonore ou Le Triomphe de l'Amour Conjugal,Opéra,Opera,1812.0
Leonore ou Le Triomphe de l'Amour Conjugal,opéra,Opera,1812.0
Leonore ou Le Triomphe de l'Amour Conjugal,opéra,Opera,1812.0
"Leonore, ou Le Triomphe de l'Amour Conjugal",opéra nouveau et fait historique,Opera,1812.0
"Les Amans prothée, ou Qui compte sans son hôte, compte deux fois",vaudeville nouveau,Comedy-Vaudeville,1805.0
"Les Amans prothée, ou Qui compte sans son hôte, compte deux fois",vaudeville,Comedy-Vaudeville,1806.0
"Les Amans prothée, ou Qui compte sans son hôte, compte deux fois",Comédie,Comedy-Vaudeville,1806.0
"Les Amans prothée, ou Qui compte sans son hôte, compte deux fois",vaudeville,Comedy-Vaudeville,1806.0
"Les Amans prothée, ou Qui compte sans son hôte, compte deux fois",,Comedy-Vaudeville,1807.0
"Les Amans prothée, ou Qui compte sans son hôte, compte deux fois",Comédie,Comedy-Vaudeville,1807.0
"Les Amans prothée, ou Qui compte sans son hôte, compte deux fois",vaudeville,Comedy-Vaudeville,1808.0
"Les Amans prothée, ou Qui compte sans son hôte, compte deux fois",vaudeville,Comedy-Vaudeville,1809.0
"Les Amans prothée, ou Qui compte sans son hôte, compte deux fois",vaudeville,Comedy-Vaudeville,1809.0
"Les Amans prothée, ou Qui compte sans son hôte, compte deux fois",,Comedy-Vaudeville,1809.0
"Les Amans prothée, ou Qui compte sans son hôte, compte deux fois",comédie vaudeville,Comedy-Vaudeville,1810.0
"Les Amans prothée, ou Qui compte sans son hôte, compte deux fois",vaudeville,Comedy-Vaudeville,1810.0
"Les Amans prothée, ou Qui compte sans son hôte, compte deux fois",vaudeville,Comedy-Vaudeville,1811.0
Les Amants généreux,drame,drame,1805.0
Les Amants généreux,Comédie,Comedy,1806.0
Les Amis de Collége,Comédie,Comedy,1807.0
"Les Amours d'un Docteur, ou L'Enfant Soumis",comédie,Comedy,1811.0
"Les amours de Bayard, ou le chevalier sans peur et sans reproche",Comédie héroique,Comedy,1806.0
"Les amours de Bayard, ou le chevalier sans peur et sans reproche",Comédie héroique,Comedy,1806.0
"Les amours de Bayard, ou le chevalier sans peur et sans reproche",Comédie,Comedy,1806.0
"Les amours de Bayard, ou le chevalier sans peur et sans reproche",comédie héroïque,Comedy,1810.0
"Les amours de Bayard, ou le chevalier sans peur et sans reproche",comédie héroïque,Comedy,1812.0
Les aveugles mendiants,vaudeville nouveau,Vaudeville,1806.0
"Les Corsaires de la providence, ou ce qui est bon à prendre est bon à garder",vaudeville,vaudeville,1806.0
Les Dettes,Opéra,Comedy-Opera,1806.0
Les Dettes,opéra,Comedy-Opera,1806.0
Les Dettes,Opéra,Comedy-Opera,1806.0
Les Dettes,Opéra,Comedy-Opera,1806.0
Les Dettes,comédie,Comedy-Opera,1807.0
Les Dettes,Opéra,Comedy-Opera,1808.0
Les Dettes,opéra,Comedy-Opera,1808.0
Les Dettes,opéra,Comedy-Opera,1808.0
Les Dettes,opéra,Comedy-Opera,1809.0
Les Deux Aveugles de Tolède,opéra,Opera,1811.0
Les Deux Aveugles de Tolède,opéra,Opera,1811.0
Les Deux Aveugles de Tolède,opéra,Opera,1811.0
Les Deux Aveugles de Tolède,Opéra,Opera,1811.0
Les Deux Aveugles de Tolède,opéra,Opera,1811.0
Les Deux Chasseurs & la Laitière,Opéra,Opera,1806.0
"Les deux frères, ou La réconciliation",,Drame-Comedy,1806.0
"Les deux frères, ou La réconciliation",drame,Drame-Comedy,1806.0
"Les deux frères, ou La réconciliation",comédie,Drame-Comedy,1806.0
"Les deux frères, ou La réconciliation",drame,Drame-Comedy,1807.0
"Les deux frères, ou La réconciliation",Comédie,Drame-Comedy,1808.0
"Les deux frères, ou La réconciliation",comédie,Drame-Comedy,1808.0
"Les deux frères, ou La réconciliation",Drame,Drame-Comedy,1809.0
"Les deux frères, ou La réconciliation",comédie,Drame-Comedy,1810.0
"Les deux frères, ou La réconciliation",comédie,Drame-Comedy,1810.0
"Les deux frères, ou La réconciliation",comédie,Drame-Comedy,1811.0
Les Deux Journées,opéra,Opera,1811.0
Les Deux Journées,opéra,Opera,1811.0
Les Deux Journées,opéra,Opera,1811.0
Les Deux Journées,opéra,Opera,1811.0
Les Deux Journées,Opéra,Opera,1811.0
Les Deux Journées,Opéra,Opera,1812.0
Les Deux Journées,Opéra,Opera,1812.0
Les Deux Journées,opéra,Opera,1812.0
Les Deux Mères,Comédie nouvelle,Comedy,1808.0
Les Deux Mères,comédie,Comedy,1812.0
Les Deux tuteurs,opéra,Opera,1806.0
Les Deux tuteurs,opéra,Opera,1806.0
Les Deux tuteurs,opéra,Opera,1806.0
Les Deux tuteurs,opéra,Opera,1806.0
Les Deux tuteurs,opéra,Opera,1806.0
Les Deux Tuteurs,opéra,Opera,1809.0
Les Deux Tuteurs,opéra,Opera,1811.0
Les Dragons & Les Bénédictines,Comédie,Comedy,1807.0
Les étourdis ou le Mort supposé,Comédie,Comedy,1806.0
Les Évenements imprévus,Opéra,Opera,1807.0
Les Fausses infidélités,comédie,Comedy,1806.0
Les Fausses infidélités,comédie,Comedy,1806.0
Les Fausses Infidélités,comédie,Comedy,1808.0
Les moyens de faire de l'argent,farce,Other,1812.0
Les Plaideurs,Comédie,Comedy,1806.0
Les Plaiduers,Comédie,Comedy,1807.0
Les Précieuses ridicules,,,1812.0
les Prétendus,Grand Opéra,Opera,1811.0
les Prétendus,Grand Opéra,Opera,1811.0
les Prétendus,Grand opéra,Opera,1811.0
Les prétendus,opéra,Opera,1812.0
"Les projets de mariage, ou Les deux militaires",comédie,Comedy,1806.0
"Les projets de mariage, ou Les deux militaires",comédie,Comedy,1806.0
"Les projets de mariage, ou Les deux militaires",comédie,Comedy,1808.0
"Les projets de mariage, ou Les deux militaires",comédie,Comedy,1809.0
"Les projets de mariage, ou Les deux militaires",comédie,Comedy,1812.0
"Les projets de mariage, ou Les deux militaires",comédie,Comedy,1812.0
"Les Quatre Fils Aimond, ou Montauban assiégé par Charlemagne",,,1809.0
Les Réfugiés de St. Domingue,comédie,Comedy,1811.0
Les Refugiés de St. Dominque,comédie,Comedy,1811.0
Les Religieux de la Trappe,tragédie,Tragedy,1810.0
Les Souliers Mordores,opéra,Opera,1807.0
Les Souliers mordorés,,Opera,1806.0
Les Souliers mordorés,,Opera,1806.0
Les Victimes Cloitrées,drame,Drame,1805.0
Les Victimes Cloitrées,drame,Drame,1806.0
Les Victimes Cloitrées,Drame,Drame,1807.0
Les Victimes Cloitrées,drame,Drame,1808.0
Les Victimes Cloitrées,Drame,Drame,1810.0
Les voisins,comédie,Comedy,1805.0
Les voisins,Comédie,Comedy,1806.0
Les Voisins,comédie,Comedy,1807.0
Les voisins,comédie,Comedy,1810.0
"Les Voitures versées, ou le Séducteur en Voyage",comédie,Comedy,1811.0
"Les Voitures versées, ou le Séducteur en Voyage",comédie,Comedy,1811.0
"Les Voitures versées, ou le Séducteur en Voyage",comédie,Comedy,1812.0
"Lisbeth, ou La Malédiction Paternelle",opéra,Opera,1812.0
"Lisbeth, ou La Malédiction Paternelle",Opéra,Opera,1812.0
Louis XIV ou le Masque de Fer,Drame,Drame,1808.0
M. Botte ou le Négociant Anglais,Comédie nouvelle,Comedy,1808.0
M. Botte ou le Négociant Anglais,comédie,Comedy,1809.0
M. Botte ou le Négociant Anglais,comédie,Comedy,1809.0
M. Botte ou Le Négociant Anglais,comédie,Comedy,1809.0
M. Botte ou Le Négociant Anglais,comédie,Comedy,1809.0
"M. Botte, ou le Négociant anglais",Comédie,Comedy,1808.0
M. Garguille ou Le Mariage de Parodie,folie nouvelle,Other,1809.0
"M. Guillaume, ou le voyageur inconnu",vaudeville,Comedy-Vaudeville,1806.0
"M. Guillaume, ou le voyageur inconnu",,Comedy-Vaudeville,1806.0
"M. Guillaume, ou le voyageur inconnu",Comédie,Comedy-Vaudeville,1807.0
"M. Guillaume, ou le voyageur inconnu",Vaudeville,Comedy-Vaudeville,1809.0
"M. Guillaume, ou le voyageur inconnu",vaudeville,Comedy-Vaudeville,1811.0
M. Musard ou comme le tems passe,comédie,Comedy,1807.0
M. Musard ou comme le tems passe,comédie,Comedy,1809.0
Ma Tante Aurore ou le Roman Impromptu,opéra nouveau,Opera,1809.0
Ma Tante Aurore ou le Roman Impromptu,opéra,Opera,1809.0
Ma Tante Aurore ou le Roman Impromptu,opéra,Opera,1809.0
Ma Tante Aurore ou le Roman Impromptu,opéra,Opera,1810.0
Ma Tante Aurore ou le Roman Impromptu,opéra,Opera,1811.0
Ma Tante Aurore ou le Roman Impromptu,opéra,Opera,1811.0
Ma Tante Aurore ou Le Roman Inpromptu,Opéra,Opera,1812.0
Ma Tante Aurore ou Le Roman Inpromptu,Opéra,Opera,1812.0
"Ma Tante Aurore, ou le Roman Imprmptu",Opéra,Opera,1811.0
Madame Angot ou La Poissarde Parvenue,vaudeville,Vaudeville-Comedy,1808.0
Madame Angot ou La Poissarde Parvenue,comédie,Vaudeville-Comedy,1811.0
Madame Angot ou La Poisson Parvenue,vaudeville,Vaudeville-Opera-Comedy,1808.0
Madame Angot ou La Poisson Parvenue,opéra comique,Vaudeville-Opera-Comedy,1810.0
Madame de Sévigné,Comédie nouvelle,Comedy,1808.0
Madame de Sévigné,Comédie nouvelle,Comedy,1808.0
Madame de Sévigné,Comédie,Comedy,1808.0
Madame de Sévigné,comédie,Comedy,1812.0
Madame de Sévigné,comédie,Comedy,1812.0
Madame de Sévigné,comédie,Comedy,1812.0
Mahomet ou Le Fanatisme,tragédie,tragédie,1809.0
Maison à Vendre,Opéra,Opera,1811.0
Maison à Vendre,opéra,Opera,1811.0
Maison à Vendre,Opéra,Opera,1812.0
Maison à Vendre,opéra,Opera,1812.0
Maison à Vendre,opéra,Opera,1812.0
Maison à vendre,opéra,Opera,1812.0
Maison des Fous,mélo-drame,Drame,1808.0
Manteau Écarlate,comédie,Comedy,1809.0
Marchandes des Modes,Ballet-pantomime,Other,1807.0
Marchandes des Modes,Ballet-pantomime,Other,1807.0
"Marguerite, ou Les Voleurs",drame,Drame,1811.0
Mari Hermite,Comédie nouvelle,Comedy,1808.0
Mari Hermite,Comédie nouvelle,Comedy,1808.0
Mari Hermite,comédie,Comedy,1808.0
Mari Hermite,comédie,Comedy,1810.0
Mari Retrouvé,comédie,Comedy,1808.0
Mariage de Polichinel,Comédie,Comedy,1807.0
Mariages Samnites,opéra,Opera,1806.0
Maris Garçons,Opéra Nouveau,Opera-Comedy,1808.0
Maris Garçons,opéra,Opera-Comedy,1808.0
Maris Garçons,opéra,Opera-Comedy,1808.0
Maris Garçons,opéra,Opera-Comedy,1809.0
Maris Garçons,opéra,Opera-Comedy,1809.0
Maris Garçons,opéra,Opera-Comedy,1809.0
Maris Garçons,opéra,Opera-Comedy,1810.0
Maris Garçons,opéra comique,Opera-Comedy,1810.0
Maris Garçons,opéra,Opera-Comedy,1811.0
Maris garçons,opéra comique,Opera-Comedy,1811.0
Maris Garçons,opéra,Opera-Comedy,1812.0
Maris Garçons,Opéra,Opera-Comedy,1812.0
Maris garçons,opéra,Opera-Comedy,1812.0
Marquis de Tulipano,opéra,Opera,1807.0
Marquis de Tulipano,,Opera,1807.0
Marquis de Tulipano,opéra,Opera,1809.0
Marquis de Tulipano,opéra,Opera,1809.0
Marquis de Tulipano,opéra,Opera,1809.0
Marriage du Capucin,Comédie,Comedy,1808.0
Marton & Frontin ou Assaut de Valets,comédie,Comedy,1809.0
Marton & Frontin ou Assaut de Valets,comédie,Comedy,1811.0
Medecin Turc,opéra,Opera,1811.0
Medecin Turc,opéra,Opera,1812.0
Médecin Turc,Opéra Nouveau,Opera,1808.0
Médecin Turc,Opéra Nouveau,Opera,1808.0
Médecin Turc,opéra,Opera,1808.0
Médecin Turc,Opéra,Opera,1811.0
Méléagre  champenois (?) ou la Chasse inetrrompue,vaudeville nouveau,Vaudeville,1805.0
Mensonge Officieux,Comédie nouvlle,Comedy,1807.0
"Menuisier de Livonie, ou Les Illustres Voyageurs",Comédie,Comedy,1808.0
"Menuisier de Livonie, ou Les Illustres Voyageurs",Comédie,Comedy,1808.0
"Menuisier de Livonie, ou Les Illustres Voyageurs",comédie,Comedy,1808.0
"Menuisier de Livonie, ou Les Illustres Voyageurs",comédie,Comedy,1808.0
"Menuisier de Livonie, ou Les Illustres Voyageurs",comédie historique,Comedy,1809.0
"Menuisier de Livonie, ou Les Illustres Voyageurs",comédie,Comedy,1810.0
"Menuisier de Livonie, ou Les Illustres Voyageurs",comédie,Comedy,1810.0
"Menuisier de Livonie, ou Les Illustres Voyageurs",comédie,Comedy,1810.0
"Menuisier de Livonie, ou Les Illustres Voyageurs",comédie,Comedy,1812.0
"Mercure Galant, ou La Comédie sans Titre",comédie,Comedy,1806.0
"Mercure Galant, ou La Comédie sans Titre",comédie,Comedy,1811.0
Meuniers ou La Fille Enlevée,Ballet Pantomime,Other,1808.0
Michel Ange,opéra,Opera,1811.0
Michel Ange,opéra,Opera,1811.0
Michel-Ange,Opéra Nouveau,Opera,1808.0
Michel-Ange,Opéra Nouveau,Opera,1808.0
Michel-Ange,opéra,Opera,1808.0
Michel-Ange,opéra,Opera,1808.0
Michel-Ange,Opéra Nouveau,Opera,1808.0
Michel-Ange,opéra,Opera,1809.0
Milton,opéra nouveau,Opera,1811.0
Milton,Opéra nouveau,Opera,1811.0
Milton,Opéra,Opera,1811.0
Minuit,Comédie,Comedy,1806.0
Minuit,,Comedy,1806.0
Minuit,Comédie,Comedy,1806.0
Minuit,Comédie,Comedy,1806.0
Minuit,comédie,Comedy,1806.0
Minuit,comédie,Comedy,1809.0
Mirza & Lindor,grand ballet Pantomime héroïque,Other,1808.0
Mirza & Lindor,ballet Pantomime,Other,1808.0
Mirza et Lindor,grand ballet pantomime,Other,1806.0
Mirza ou Le Préjugé & L'Amitié,Comédie nouvelle,Comedy,1808.0
Mirza ou Le Préjugé & L'Amitié,comédie,Comedy,1808.0
Misanthrope,comédie,Comedy,1810.0
Misanthropie et repentir,Comédie,Comedy,1806.0
Misanthropie et repentir,comédie,Comedy,1806.0
Misanthropie et repentir,drame,Drame,1808.0
Misanthropie et repentir,drame,Drame,1811.0
Mme. Angot ou la Poissarde parvenue,vaudeville,Vaudeville,1806.0
"Monsieur & Madame Denis, ou la veille de St-Jean",comédie vaudeville,Comedy-Vaudeville,1811.0
Montano & Stéphanie ou Le faux ami,Opéra,Opera,1812.0
Montano & Stéphanie ou Le faux ami,Opéra,Opera,1812.0
Mort de Cesár,tragédie,Tragedy,1809.0
Mort Marié,Comédie,Comedy,1807.0
Mr. Deschalumeaux ou La Soirée de Carnaval,Opéra Nouveau,Opera,1808.0
Mr. Deschalumeaux ou La Soirée de Carnaval,Opéra Nouveau,Opera,1808.0
Mr. Deschalumeaux ou La Soirée de Carnaval,,Opera,1809.0
Mr. Deschalumeaux ou La Soirée de Carnaval,opéra,Opera,1809.0
Mr. Deschalumeaux ou La Soirée de Carnaval,opéra,Opera,1809.0
Mr. Deschalumeaux ou La Soirée de Carnaval,Opéra,Opera,1811.0
Mr. Deschalumeaux ou La Soirée de Carnaval,opéra,Opera,1812.0
"Mr. Deschalumeaux, ou La Soirée de Carnaval",opéra folie,Opera,1811.0
Mr. Jocaste ou Trompeur Trompé,comédie,Comedy,1812.0
Murs Releves ou Le Poëte en Défaut,,,1812.0
,,,
,,,1810.0
,,,1812.0
,,,1812.0
,,,1812.0
,,,1812.0
,,,1812.0
,,,1812.0
,,,1812.0
,,,1812.0
,,,1812.0
,,,1812.0
,,,1812.0
,,,1812.0
,,,1812.0
,,,1812.0
,,,1812.0
,,,1812.0
,,,1812.0
,,,1812.0
,,,1812.0
,,,1812.0
,,,1812.0
,,,1812.0
,,,1812.0
,,,1812.0
,,,1812.0
,,,1812.0
,,,1812.0
,,,1812.0
,,,1812.0
,,,1812.0
,,,1812.0
,,,1812.0
,,,1812.0
,,,1812.0
,,,1812.0
,,,1812.0
,,,1812.0
,,,1812.0
,,,1812.0
Naufage de Zander & d'Hally,,,1808.0
Naufrage de la Peyronse,drame historique,Drame,1809.0
Naufrage de la Peyronse,drame historique,Drame,1809.0
"Nicomède dans la lune, ou la Révolution pacifique",opera-vaudeville-folie,Opera-Vaudeville,1805.0
"Nicomède dans la lune, ou la Révolution pacifique",Opéra-vaudeville,Opera-Vaudeville,1810.0
"Nina, ou La Folle par Amour",opéra,Opera,1807.0
"Nina, ou La Folle par Amour",Opéra,Opera,1807.0
"Nina, ou La Folle par Amour",opéra,Opera,1810.0
"Nouveau Blondel, ou Amour & Adresse",Comédie,Comedy,1807.0
Ombres coloriées,,,1807.0
Ombres coloriées,,,1807.0
Ombres coloriées,,,1807.0
Ombres coloriées,,,1807.0
On Fait ce qu'on peut,Comédie-proverbe,Comedy,1807.0
On Fait ce qu'on peut,Comédie-episodique,Comedy,1807.0
On Fait ce qu'on peut,comédie proverbe,Comedy,1809.0
Pacha de Suresne ou l'Amitié des Femmes,comédie anecdotique,Comedy,1809.0
Palma ou Le Voyageur en Grèce,Opéra,Opera,1812.0
"Palma, ou le Voyageur en Grèce",opéra,Opera,1811.0
"Papa Simon, ou Les Amours de Thérese & Janot",parodie créole,Vaudeville,1806.0
"Papa Simon, ou Les Amours de Thérese & Janot",parodie créole,Vaudeville,1806.0
"Papa Simon, ou Les Amours de Thérese & Janot",parodie créole,Vaudeville,1806.0
"Papa Simon, ou Les Amours de Thérese & Janot",Parodie  ,Vaudeville,1806.0
"Papa Simon, ou Les Amours de Thérese & Janot",Vaudeville-Créole,Vaudeville,1807.0
"Papa Simon, ou Les Amours de Thérese & Janot",,Vaudeville,1807.0
"Papa Simon, ou Les Amours de Thérese & Janot",Parodie,Vaudeville,1807.0
"Papa Simon, ou Les Amours de Thérese & Janot",vaudeville créole,Vaudeville,1811.0
"Passage de Polichinel aux enfers, sur le Styx par le barque à Caron",comédie,Comedy,1807.0
"Pataquès, ou le Peintre d'Enseignes",comédie,Comedy,1809.0
"Pataquès, ou le Peintre d'Enseignes",comédie,Comedy,1810.0
"Pataquès, ou le Peintre d'Enseignes",comédie-parade,Comedy,1810.0
"Pataquès, ou le Peintre d'Enseignes",comédie,Comedy,1811.0
Paul & Virginie,opéra,Opera,1809.0
Paul & Virginie,opéra,Opera,1809.0
Paul & Virginie,opéra,Opera,1809.0
Paul & Virginie,opéra,Opera,1810.0
Paul & Virginie,opéra,Opera,1811.0
Paul & Virginie,opéra,Opera,1811.0
Paul & Virginie,Opéra,Opera,1811.0
Paul & Virginie,opéra,Opera,1812.0
"Pauvre Homme, ou l'Apparition du Revenant",comédie,Comedy,1811.0
Pauvre Jacques ou la Nouvelle Nina,opéra,Opera,1810.0
Pauvre Jacques ou la Nouvelle Nina,opéra,Opera,1811.0
Peintre Français a Londres,Vaudeville nouveau,Vaudeville,1807.0
Peintre Français a Londres,Vaudeville nouveau,Vaudeville,1808.0
Pelerin blanc,drame,Drame,1806.0
Père de Famille,drame,Drame,1808.0
Pessimiste ou l'Homme Mécontent de Tout,Comédie,Comedy,1808.0
Petit Joueur de Violon,comédie,Comedy,1808.0
Petit Page,dramé,Drame,1807.0
Petit Poucet,mélo drame,Drame,1807.0
"Petit Souper de Famille, ou Les Dangers de l'Absence",comédie,Comedy,1810.0
"Petit Souper de Famille, ou Les Dangers de l'Absence",comédie,Comedy,1810.0
Petite Ville,Comédie,Comedy,1808.0
Philippe & Georgette,opéra,Opera,1810.0
Philippe & Georgette,opéra,Opera,1810.0
Philippe & Georgette,opéra,Opera,1810.0
Philoctète,Tragédie,Tragedy,1807.0
Pizarre ou la Conquéte du Pérou par les Espangnols,Mélodrame,Drame,1806.0
Pizarre ou la Conquéte du Pérou par les Espangnols,Mélo-drame,Drame,1806.0
Pizarre ou la Conquéte du Pérou par les Espangnols,mélo-drame,Drame,1806.0
Pizarre ou la Conquéte du Pérou par les Espangnols,Mélo drame,Drame,1807.0
Pizarre ou la Conquéte du Pérou par les Espangnols,héroïque,Other,1809.0
Polichinel dans l'embarras,,,1807.0
"Polichinel Luron avec les Femmes, Capon avec les Hommes",comédie,Comedy,1807.0
Portrait de Michel Cervante,Comédie,Comedy,1808.0
Portrait de Michel Cervante,Comédie,Comedy,1808.0
Portrait de Michel Cervante,Comédie,Comedy,1808.0
Portrait de Michel Cervante,Comédie,Comedy,1808.0
Portrait de Michel Cervante,Comédie nouvelle,Comedy,1808.0
Portrait de Michel Cervante,comédie,Comedy,1809.0
Pourceaugnac,comédie,Comedy,1809.0
Pourceaugnac,comédie,Comedy,1809.0
Poygnardin,tragédie pour rire,Tragedy,1809.0
Precieuses Ridicules,comédie,Comedy,1807.0
Précieuses Ridicules,Comédie,Comedy,1809.0
Prétendus,grand opéra,Opera,1810.0
Prétendus,grand opéra,Opera,1810.0
Prétendus,opéra,Opera,1810.0
Prétendus,opéra,Opera,1810.0
Prétendus,grand opéra,Opera,1810.0
Prétendus,grand opéra,Opera,1810.0
Prétendus,grand opéra,Opera,1810.0
Prisonnier pour dettes,vaudeville,Vaudeville,1806.0
Procureur Arbitre,Comédie,Comedy,1808.0
Procureur Arbitre,comédie,Comedy,1808.0
Pygmalion,,Other,1806.0
Pygmalion,intermède,Other,1806.0
Pygmalion,Intermede,Other,1807.0
Pygmalion,intermède,Other,1808.0
"Pygmalion à Pensacola, ou Les Acteurs en Voyage",comédie-parade,Comedy-parade,1810.0
Ragotin,vaudeville nouveau,Vaudeville,1808.0
Raoul Barbe bleue,,,1807.0
Raoul Sire de Créqui,opéra,Opera,1810.0
Raoul Sire de Créqui,opéra,Opera,1810.0
Raoul Sire de Créqui,opéra,Opera,1811.0
Raoul Sire de Créqui,opéra,Opera,1811.0
Raoul Sire de Créqui,opéra,Opera,1811.0
"Regnederobert, ou le Tribunal Redoutable",Drame,Drame,1812.0
Renaud d'Ast,opéra,Opera,1806.0
Renaud d'Ast,opéra,Opera,1808.0
Renaud d'Ast,opéra,Opera,1809.0
René Descartes,fait historique,Other,1805.0
René Descartes,comédie,Comedy,1806.0
Réné Descartes,fait historique,Other,1811.0
Repentir de Figaro,comédie,Comedy,1808.0
Repentir de Figaro,,Comedy,1808.0
Résolution Inutile ou Les Déguisemens Amoureux,Comédie,Comedy,1807.0
"Reveillon, ou Les Trois Dindons",Parade de circonstance,Other,1811.0
Richard Cœur de Lion,opéra,Opera,1806.0
Richard Cœur de Lion,,Opera,1806.0
Richard Cœur de Lion,opéra,Opera,1807.0
Richard Cœur de Lion,Opéra,Opera,1808.0
Richard Cœur de Lion,opéra,Opera,1808.0
Richard Cœur de Lion,opéra,Opera,1808.0
Richard Cœur de Lion,opéra,Opera,1809.0
Richard Cœur de Lion,opéra,Opera,1809.0
Richard Cœur de Lion,opéra,Opera,1809.0
Richard Cœur de Lion,opéra,Opera,1810.0
Richard Cœur de Lion,opéra,Opera,1811.0
Richard Cœur de Lion,Opéra,Opera,1811.0
Ricochets,Comédie,Comedy,1808.0
Ricochets,Comédie,Comedy,1808.0
Rivaux d'eux mêmes,Comédie,Comedy,1808.0
Rivaux d'eux mêmes,Comédie,Comedy,1808.0
Rivaux d'eux mêmes,comédie,Comedy,1809.0
Rivaux d'eux mêmes,comédie,Comedy,1809.0
Rivaux d'eux mêmes,comédie,Comedy,1811.0
Rivaux d'eux mêmes,comédie,Comedy,1811.0
Rivaux d'eux-mêmes,comédie,Comedy,1806.0
"Robert chef des brigands, ou l'Homme vertueux",pièce héroïque,Other,1806.0
"Robert, Chef de Brigands",Drame,Drame,1810.0
"Robert, Chef de Brigands",drame,Drame,1811.0
"Robinson Crusoë, ou Les Anthropophages",pantomime,Other,1811.0
Roi de Cocagne,comédie bouffonne,Opera,1809.0
Roi de Cocagne,comédie,Comedy,1809.0
Romeo & Juliette,opéra héroïque,Opera,1809.0
Romeo & Juliette,opéra,Opera,1810.0
Romeo & Juliette,opéra,Opera,1811.0
Romeo & Juliette,opéra,Opera,1811.0
Roméo & Juliette,opéra héroïque,Opera,1810.0
Roméo & Juliette,opéra héroïque,Opera,1810.0
Roméo et Juliette,opéra,Opera,1812.0
Rose & Colas,Opéra,Opera,1806.0
"Roselina, ou Le Château de Torrento",drame historique,Drame,1810.0
Ruse Contre Ruse ou Guerre Ouverte,Comédie,Comedy,1807.0
"Ruse contre Ruse, ou Guerre Ouverte",comédie,Comedy,1810.0
"Ruse contre Ruse, ou Guerre Ouverte",comédie,Comedy,1811.0
Secret,opéra,Opera,1808.0
Secret,opéra,Opera,1808.0
Secret,opéra,Opera,1808.0
Secret,Opéra Nouveau,Opera,1808.0
Secret,opéra,Opera,1808.0
Secret,opéra,Opera,1809.0
Secret,Opéra,Opera,1809.0
Secret,opéra,Opera,1810.0
Secret,opéra,Opera,1811.0
Secret,opéra,Opera,1811.0
Shakespear Amoureux,comédie nouvelle,Comedy,1809.0
Shakespear Amoureux,comédie,Comedy,1809.0
Six lieues de Chemin,Comédie,Comedy,1812.0
Somnambule,Comédie,Comedy,1806.0
Somnambule,comédie,Comedy,1809.0
Souliers Mordorés ,opéra-bouffon,Opera,1808.0
Souper de Famille ou les Dangers de l'Absence,,,1811.0
Stepahnie ou Le Faux Ami,opéra,Opera,1812.0
Stratonice,Opére héroique,Opera,1812.0
Stratonice,opéra,Opera,1812.0
Stratonice,opéra,Opera,1812.0
Sylvain,opéra,Opera,1807.0
Sylvain,Opéra,Opera,1807.0
Sylvain,opéra,Opera,1808.0
Sylvain,opéra,Opera,1808.0
Sylvain,opéra,Opera,1808.0
Sylvain,opéra,Opera,1809.0
Sylvain,opéra,Opera,1809.0
Sylvain,opéra,Opera,1810.0
Sylvain,opéra,Opera,1810.0
Sylvain,opéra,Opera,1810.0
Sylvain,opéra,Opera,1810.0
Sylvain,opéra,Opera,1811.0
Sylvain,Opéra,Opera,1811.0
Tableau Parlant,opéra,Opera,1809.0
Tartuffe,comédie,Comedy,1808.0
Tartuffe,comédie,Comedy,1811.0
Tartuffe,comédie,Comedy,1811.0
Tartuffe,comédie,Comedy,1811.0
Tartuffe ou L'Imposteur,Comédie,Comedy,1807.0
Tekeli ou Le Siége de Montgatz,Mélo-drame historique,Drame,1808.0
Tekeli ou Le Siége de Montgatz,Mélo-drame historique,Drame,1808.0
Tekeli ou Le Siége de Montgatz,comédie héroïque,Comedy,1808.0
Tekeli ou Le Siége de Montgatz,Mélo-drame,Drame,1808.0
Tekeli ou Le Siége de Montgatz,Mélo-drame,Drame,1809.0
"Tekely, ou le Siège de Montgatz",mélodrame,Drame,1811.0
Temple de l'Hymen ou La Rose & le Bouton,ballet Pantomime,Other,1808.0
Thalie aux Boulevards,Vaudeville épisodique,Vaudeville,1807.0
Thalie aux Boulevards,Comédie episodique,Comedy,1807.0
Thalie aux Boulevards,Comédie episodique,Comedy,1807.0
Tirelire ou Le Banco Dèfoncé,parodie,Other,1808.0
Tour du pistolet,,,1807.0
"Trésor Supposé, ou Le Danger d'Ecouter aux Portes",Comédie,Comedy,1811.0
"Trésor Supposé, ou Le Danger d'Écouter aux Portes",comédie,Comedy,1811.0
"Trésor Supposé, ou Le Danger d'Écouter aux Portes",comédie,Comedy,1811.0
Trois Jumeaux Vénitiens,Comédie,Comedy,1807.0
Trois Jumeaux Vénitiens,Comédie,Comedy,1807.0
Un Pas de Trois,dansé,Other,1808.0
Un Quart d'Heure de Silence,opéra nouveau,Opera,1812.0
Un Quart d'Heure de Silence,opéra comique,Opera comique,1812.0
Un Quart d'Heure de Silence,opéra,Opera,1812.0
"Un Trait de Washington, ou La France & L'Amérique",comédie historique,Comedy historique,1811.0
"Un trait de Washington, ou La France et l'Amérique",comédie héroïque,Comedy héroïque,1811.0
"Un trait de Washington, ou La France et l'Amérique",comédie héroïque,Comedy héroïque,1812.0
Un-deux-trois-quatre ou La cassette précieuse ,comédie,Comedy,1812.0
Une Folie,opéra,Opera,1807.0
Une Folie,opéra,Opera,1807.0
Une Folie,opéra,Opera,1807.0
Une Folie,Opéra,Opera,1807.0
Une Folie,Opéra,Opera,1807.0
Une Folie,Opéra Comique,Opera Comique,1808.0
Une Folie,opéra,Opera,1808.0
Une Folie,opéra,Opera,1808.0
Une Folie,Opéra Nouveau,Opera,1808.0
Une Folie,opéra,Opera,1809.0
Une Folie,opéra,Opera,1809.0
Une Folie,opéra,Opera,1809.0
Une Folie,opéra,Opera,1810.0
Une Folie,opéra,Opera,1810.0
Une Folie,opéra,Opera,1811.0
Une Folie,opéra,Opera,1811.0
Une Folie,opéra,Opera,1811.0
Une Folie,opéra,Opera,1812.0
Une Folie,opéra,Opera,1812.0
"Une heure d'absence, ou Les Etourderies d'un Officier Français",comédie,Comedy,1810.0
"Une heure d'absence, ou Les Etourderies d'un Officier Français",comédie,Comedy,1810.0
"Une heure d'absence, ou Les Etourderies d'un Officier Français",comédie,Comedy,1811.0
"Une heure d'absence, ou Les Etourderies d'un Officier Français",comédie,Comedy,1811.0
"Une heure d'absence, ou Les Etourderies d'un Officier Français",Comédie,Comedy,1812.0
Une heure de Mariage,Opéra Nouveau,Opera,1807.0
Une heure de Mariage,Opéra,Opera,1807.0
Une Heure de Mariage,opéra,Opera,1808.0
Une heure de Mariage,opéra,Opera,1808.0
Une Heure de Mariage,opéra,Opera,1808.0
Une Heure de Mariage,opéra,Opera,1808.0
Une Heure de Mariage,opéra,Opera,1809.0
Une Heure de Mariage,opéra,Opera,1810.0
Une Heure de Mariage,opéra,Opera,1811.0
Une Heure de Mariage,opéra,Opera,1811.0
Une Heure de Mariage,Opéra,Opera,1811.0
Une Heure de Mariage,Opéra,Opera,1811.0
"Une Nuit d'Auberge, ou Adonis de Château Vilain",comédie,Comedy,1811.0
Une Soirée de deux Prisonniers ou Voltaire & Richelieu à la Bastille,comédie vaudeville,Comedy-Vaudeville,1808.0
Valet à deux Maîtres,opéra,Opera,1811.0
Vendangeurs,,,1808.0
Ventriloquisme,,,1806.0
Victor ou L'Enfant de la Forét,mélo-drame,Drame,1808.0
Victor ou L'Enfant de la Forét,,Drame,1808.0
Vieux Chateau ou la Recontre en Voyage,opéra,Opera,1812.0
Visitandines,opéra,Opera,1805.0
Visitandines,opéra,Opera,1806.0
Visitandines,opéra,Opera,1806.0
Visitandines,,Opera,1806.0
Visitandines,Opéra,Opera,1806.0
Visitandines,opéra,Opera,1807.0
Visitandines,Opéra,Opera,1807.0
Visitandines,opéra,Opera,1808.0
Visitandines,opéra,Opera,1808.0
Visitandines,opéra,Opera,1809.0
Visitandines,opéra,Opera,1809.0
Visitandines,opéra,Opera,1810.0
Visitandines,opéra,Opera,1811.0
Volage ou Le Mariage difficile,comédie,Comedy,1808.0
Volage ou Le Mariage difficile,comédie,Comedy,1808.0
Volage ou Le Mariage difficile,comédie,Comedy,1809.0
Volage ou Le Mariage difficile,comédie,Comedy,1809.0
Voyage Interrompu,comédie,Comedy,1810.0
Voyage Interrompu,comédie,Comedy,1810.0
"Washington, ou la Liberté du nouveau monde",tragédie,Tragedy,1806.0
Zaïre,Tragédie,Tragedy,1812.0
Zelia ou le Mari à deux Femmes,opéra,Opera,1810.0
Zemire & Azor,Opéra,Opera,1807.0
Zémire & Azor,,Opera,1806.0
Zémire & Azor,Opéra,Opera,1808.0
Zémire & Azor,opéra féerie,Opera,1808.0
Zémire & Azor,,Opera,1809.0
Zémire & Azor,opéra-séerie,Opera,1809.0
Zémire & Azor,opéra,Opera,1809.0
Zémire & Azor,Opéra féerie,Opera,1811.0
Zoë ou la Pauvre Petite,Opéra,Opera,1807.0
Zoë ou la Pauvre Petite,Opéra,Opera,1807.0
Zoë ou la Pauvre Petite,Opéra Nouveau,Opera,1808.0
,Drame,Drame,1807.0
,,,1807.0
,,,1807.0
,,,1807.0
,,,1807.0
,,,1807.0
,,,1807.0
,,,1807.0
,,,1807.0
,,,1808.0
,,,1808.0
,,,1808.0
,,,1808.0
,,,1808.0
,,,1808.0
,,,1808.0
,,,1808.0
,,,1808.0
,mélo-drame,mélo-drame,1808.0
,Opéra Nouveau,Opera,1808.0
,Opéra Nouveau,Opera,1808.0
,,,1809.0
,,,1809.0
,,,1809.0
,,,1809.0
,,,1809.0
,,,1809.0
,,,1809.0
,,,1809.0
,,,1809.0
,,,1809.0
,,,1809.0
,,,1809.0
,,,1809.0
,,,1809.0
,,,1809.0
,,,1809.0
,,,1809.0
,,,1809.0
,,,1809.0
,,,1809.0
,,,1809.0
,,,1809.0
,,,1809.0
,,,1809.0
,,,1809.0
,,,1809.0
,,,1809.0
,,,1809.0
,,,1810.0
,,,1810.0
,,,1810.0
,,,1810.0
,,,1810.0
,,,1810.0
,,,1810.0
,,,1810.0
,,,1810.0
,,,1810.0
,,,1810.0
,,,1810.0
,,,1810.0
,,,1810.0
,,,1810.0
,,,1810.0
,,,1810.0
,,,1810.0
,,,1810.0
,,,1810.0
,,,1810.0
,,,1810.0
,,,1810.0
,,,1810.0
,,,1810.0
,,,1810.0
,,,1810.0
,,,1810.0
,,,1810.0
,,,1810.0
,,,1810.0
,,,1810.0
,,,1810.0
,,,1810.0
,,,1811.0
,,,1811.0
,,,1811.0
,,,1811.0
,,,1811.0
,,,1811.0
,,,1811.0
,,,1811.0
,,,1811.0
,,,1811.0
,,,1811.0
,,,1811.0
,,,1811.0
,,,1811.0
,,,1811.0
,,,1811.0
,,,1811.0
,,,1811.0
,,,1811.0
,,,1811.0
,,,1811.0
,,,1811.0
,,,1811.0
,,,1811.0
,,,1811.0
,,,1811.0
,,,1811.0
,,,1811.0
,,,1811.0
,,,1811.0
,,,1811.0
,,,1811.0
,,,1811.0
,,,1811.0
,,,1811.0
,,,1811.0
,,,1811.0
,,,1812.0
,,,1812.0
,,,1812.0
,,,1812.0
,,,1812.0
,,,1812.0
,,,1812.0
,,,1812.0
,,,1812.0
,,,1812.0
,,,1812.0
,,,1812.0
,,,1812.0
,,,1812.0
,,,1812.0
,,,1812.0
,,,1812.0
,,,1812.0
,,,1812.0
,,,1812.0
,,,1812.0
,,,1812.0
,,,1812.0
,,,1812.0
,,,1812.0
,,,1812.0
,,,1812.0
,,,1812.0
,,,1812.0
,,,1812.0
,,,1812.0
,,,1812.0
,,,1812.0
,,,1812.0
,,,1812.0
,,,1812.0
,,,1812.0
,,,1812.0
,,,1812.0
,,,1812.0
,,,1812.0
,,,1812.0
,,,1812.0
,,,1812.0
,,,1812.0
,,,1812.0
,,,1812.0
,,,1812.0
,,,1812.0
,,,1812.0
,,,1812.0
,,,1812.0
,,,1812.0
,,,1812.0
,,,1812.0
,,,1812.0
