Issue #,year,date,DOW,sup,LOC of ad,works mentioned,Performance Location,date of performance,order,author,genre,# acts,bnft,benefit name,other name/function,actors mentioned,Amtr,Role,Additional information,,,,,,,,,,,,,,,,,,
597,1806,3/15,Sat,,,"Adolph & Clara, ou Les deux prisonniers",Saint-Pierre,3/16/1806,2,,Opéra,2,,,,,,,,,,,,,,,,,,,,,,,,,
638,1806,8/6,Wed,,,"Adolph & Clara, ou Les deux prisonniers",Saint-Pierre,8/7/1806,2,,opéra,,,,,M. Douvillier,,Gouverneur,,,,,,,,,,,,,,,,,,,
680,1806,12/31,Wed,n,P2C1,"Adolph & Clara, ou Les deux prisonniers",Saint-Pierre,1/1/1807,2,,opéra,,n,,,,,,,,,,,,,,,,,,,,,,,,
707,1807,4/4,Sat,n,P2C2,"Adolph & Clara, ou Les deux prisonniers",Saint-Pierre,4/5/1807,2,,,,n,,,"M. Bouvillier, M. Ferrand, M. Drigny",n,"Commandant, Galpard","Douvillier indisposed; Ferrand will play the commandant, Drigny will play Gaspard",,,,,,,,,,,,,,,,,,
741,1807,8/1,Sat,n,P3C1,"Adolph & Clara, ou Les deux prisonniers",Saint-Pierre,8/2/1807,2,,Opéra,1,n,,,,,,"listed as ""Adolphe & Clara ou Les Deux prisonniers""",,,,,,,,,,,,,,,,,,
773,1807,11/21,Sat,n,P3C4,"Adolph & Clara, ou Les deux prisonniers",Saint-Pierre,11/22/1807,2,,opéra,,n,,musique de Daleyrac,Mlle. Fleury,n,Clara,"mentioned in a footnote, rather than a normal advertisement, also emphazises the return of ""Mlle. Febury""",,,,,,,,,,,,,,,,,,
787,1808,1/9,Sat,n,P3C1,"Adolph & Clara, ou Les deux prisonniers",Saint-Pierre,1/10/1808,2,,opéra,1,n,,musique de Daleyrac,,,,"listed as ""Adolphe & Clara ou Les Deux prisonniers""",,,,,,,,,,,,,,,,,,
823,1808,5/14,Sat,n,"P3C1,P3C2","Adolph & Clara, ou Les deux prisonniers",Saint-Pierre,5/15/1808,2,Marsollier,opéra,,n,,musique de Daleyrac,,,,,,,,,,,,,,,,,,,,,,
873,1808,11/5,Sat,n,P3C2,"Adolph & Clara, ou Les deux prisonniers",Saint-Pierre,11/6/1808,2,,opéra,1,n,,musique de Daleyrac,,,,,,,,,,,,,,,,,,,,,,
915,1809,4/1,Sat,n,P3C3,"Adolph & Clara, ou Les deux prisonniers",Saint-Pierre,4/2/1809,,,opéra,,n,,musique de Daleyrac,,,,,,,,,,,,,,,,,,,,,,
969,1809,10/7,Sat,n,P3C2,"Adolph & Clara, ou Les deux prisonniers",Saint-Pierre,10/8/1809,2,Marsollier,opéra,1,n,,musique de Daleyrac,,,,,,,,,,,,,,,,,,,,,,
1095,1810,12/20,Thurs,n,P3C1,"Adolph & Clara, ou Les deux prisonniers",Saint-Philippe,12/20/1810,2,,opéra,1,n,,musique de Daleyrac,Mr. Ferrand,n,Gaspard,"""dans laquelle M. Ferrand fera son premier début sur ce théâtre""",,,,,,,,,,,,,,,,,,
1147,1811,4/20,Sat,n,P3C2,"Adolph & Clara, ou Les deux prisonniers",Saint-Philippe,4/21/1811,3,,opéra,,n,,musique de Daleyrac,,,,,,,,,,,,,,,,,,,,,,
569,1805,12/7,Sat,,,Défiance et Malice,Saint-Pierre,12/8/1805,1,Dieulafoi,comédie,1,,,,,,,,,,,,,,,,,,,,,,,,,
569,1805,12/7,Sat,,,La Dot,Saint-Pierre,12/8/1805,2,,opéra,3,,,musique de Dalayrac,M. Douvillier,,Mathurin,,,,,,,,,,,,,,,,,,,
1231,1811,11/2,Sat,,P2C4,"Adolph & Clara, ou Les deux prisonniers",Saint-Philippe,11/3/1811,2,,Opéra,1,n,,Musique de Daleyrac,,,,,,,,,,,,,,,,,,,,,,
1412,1812,12/31,Thurs,n,P3C2,"Adolph & Clara, ou Les deux prisonniers",Saint-Philippe,1/1/1813,2,,opéra,1,n,,musique de Daleyrac,,,,,,,,,,,,,,,,,,,,,,
,,,,,,,,15,,,,,,,,,,,,,,,,,,,,,,,,,,,,,
823,1808,5/14,Sat,n,"P3C1,P3C2",Alexis ou L'Erreur d'un bon Père,Saint-Pierre,5/17/1808,2,,Opéra Nouveau,,y,Mr. Vallois,musique de Daleyrac,,,,,,,,,,,,,,,,,,,,,,
836,1808,6/29,Wed,n,"P3C3,P3C2",Alexis ou L'Erreur d'un bon Père,Saint-Pierre,6/30/1808,2,,Opéra Nouveau,,y,Mr. Vallois,musique de Daleyrac,,,,"M. Vallois, Maître de musique",,,,,,,,,,,,,,,,,,
844,1808,7/27,Wed,n,P3C1,Alexis ou L'Erreur d'un bon Père,Saint-Pierre,7/28/1808,2,,Opéra Nouveau,,n,,,,,,,,,,,,,,,,,,,,,,,,
845,1808,7/30,Sat,n,"P3C1,P3C3",Alexis ou L'Erreur d'un bon Père,Saint-Pierre,7/31/1808,2,,Opéra Nouveau,,n,,,,,,seconde représentation,,,,,,,,,,,,,,,,,,
849,1808,8/13,Sat,n,"P2C4,P2C3",Alexis ou L'Erreur d'un bon Père,Saint-Pierre,8/14/1808,2,,opéra,2,y,Mr. St.-Just,musique de Daleyrac,,,,,,,,,,,,,,,,,,,,,,
864,1808,10/5,Wed,n,P3C2,Alexis ou L'Erreur d'un bon Père,Saint-Pierre,10/6/1808,2,Daleyrac,opéra,1,n,,,,,,,,,,,,,,,,,,,,,,,,
902,1809,2/15,Wed,y,P1C1,Alexis ou L'Erreur d'un bon Père,Saint-Pierre,2/16/1809,,,opéra,,n,,,,,,,,,,,,,,,,,,,,,,,,
969,1809,10/7,Sat,n,P3C2,Alexis ou L'Erreur d'un bon Père,Saint-Pierre,10/8/1809,1,,opéra,1,n,,musique de Daleyrac,,,,"""Pour l'Overture (Abonnement Suspendu)"" / opening originally scheduled for 10/1",,,,,,,,,,,,,,,,,,
1239,1811,11/21,Thurs,,P2C4,Alexis ou L'Erreur d'un bon Père,Saint-Philippe,11/21/1811,2,,Opéra,1,n,,musique de Daleyrac,,,,,,,,,,,,,,,,,,,,,,
1151,1811,4/30,Tues,n,P3C2,"Alexis, ou L'Erreur d'un Bon Père",Saint-Philippe,4/30/1811,1,,opéra,1,y,Mlle. Eugénie Fleury,musique de Daleyrac,,,,"""Abonnement suspendu""",,,,,,,,,,,,,,,,,,
,,,,,,,,10,,,,,,,,,,,,,,,,,,,,,,,,,,,,,
576,1806,1/1,Wed,,,Azémia ou les Sauvages,Saint-Pierre,1/2/1806,2,,opéra,3,,,musique de Dalayrac,,,,orné de tout son spectacle,,,,,,,,,,,,,,,,,,
759,1807,10/3,Sat,n,P2C3,Azémia ou les Sauvages,Saint-Pierre,10/4/1807,2,,Opéra,3,n,,musique de Daleyrac,M. St. Martin,n,d'Alvar,"M. St. Martin's debut, ""venant de Philadelphie""",,,,,,,,,,,,,,,,,,
805,1808,3/12,Sat,n,"P3C2,P3C1",Azémia ou les Sauvages,Saint-Pierre,3/13/1808,2,,Opéra,3,n,,musique de Daleyrac,Mr. St.-Martin,n,la principal entrée,"listed as ""Azemia ou Les Sauvages""; orné de son ballet, dans lequel M. St-Martin exécutera la principale entrée",,,,,,,,,,,,,,,,,,
821,1808,5/7,Sat,n,"P3C2,P3C3",Azémia ou les Sauvages,Saint-Pierre,5/8/1808,1,,opéra,3,n,,"musique de Daleyrac, ",,,,M. St.-Martin exécutera une entrée principale dans le danse des Sauvages,,,,,,,,,,,,,,,,,,
915,1809,4/1,Sat,n,P3C3,Azémia ou les Sauvages,Saint-Pierre,4/4/1809,,,opéra,3,y,Mr. Richard,musique de Daleyrac,,,,"listed as ""Azemia ou Les Sauvages""",,,,,,,,,,,,,,,,,,
916,1809,4/5,Wed,n,P3C4,Azémia ou les Sauvages,Saint-Pierre,4/5/1809,,,opéra,3,y,Mr. Richard,musique de Daleyrac,,,,"listed as ""Azemia ou Les Sauvages""",,,,,,,,,,,,,,,,,,
975,1809,10/28,Sat,n,P3C1,Azémia ou les Sauvages,Saint-Philippe,10/29/1809,2,,opéra,3,n,,,Mr. Stanislas,n,Edoin,"The actor's name is hard to read again, but they are listed as a ""nouvellement arrivé en cette ville"" and this is their ""premier début""",,,,,,,,,,,,,,,,,,
1020,1810,4/4,Wed,n,P3C3,Azémia ou les Sauvages,Saint-Pierre,4/5/1810,2,,opéra,3,n,,"musique de Daleyrac, M. Duperon fils en qualité d'amateur dansera un pas feul dans le premier act de l'Opéra",M. St. Martin,n,Alvares,"M. St. Martin's ""return"" (rentrée)",,,,,,,,,,,,,,,,,,
1021,1810,4/7,Sat,n,P3C4,Azémia ou les Sauvages,Saint-Pierre,4/8/1810,2,,opéra,3,n,,musique de Daleyrac,M. St. Martin,n,Alvar,"; the ad for this show is identical, but the first play has changed, and there is no mention of the special dance at the beginning; I think that it is possible that this played twice in a short amount of time, keeping this perf",,,,,,,,,,,,,,,,,,
1074,1810,10/10,Wed,n,P3C3,Azémia ou les Sauvages,Saint-Pierre,10/11/1810,2,,opéra,3,y,M. St.-Martin,,"M. Dupéron (fils), M. St.-Juste","y, n",les sauvages (dancing debut for both),"This time listed with both titles rather than only as the primary title, ",,,,,,,,,,,,,,,,,,
1146,1811,4/18,Thurs,n,P3C2,Azémia ou les Sauvages,Saint-Philippe,4/18/1811,2,,opéra,3,n,,musique de Daleyrac,Mr. Tessier,n,Fabrice,"M. Tessier also dances ""le Pas seul du premier acte""",,,,,,,,,,,,,,,,,,
,,,,,,,,11,,,,,,,,,,,,,,,,,,,,,,,,,,,,,
646,1806,8/27,Wed,,,Deux petits Savoyards,Saint-Pierre,8/28/1806,2,,,,,,,,,,,,,,,,,,,,,,,,,,,,
712,1807,4/22,Wed,n,P3C1,Deux Petits Savoyards,Saint-Pierre,4/23/1807,2,,Opéra,,n,,,Mm. Josephine,n,Michel,,,,,,,,,,,,,,,,,,,
806,1808,3/16,Wed,n,"P3C2,P3C1",Deux Petits Savoyards,Saint-Philippe,1/16/1808,2,,Opéra,1,n,,musique de Daleyrac,,,,,,,,,,,,,,,,,,,,,,
878,1808,11/23,Wed,n,P3C3,Deux Petits Savoyards,Saint-Pierre,11/24/1808,2,,opéra,1,n,,musique de Daleyrac,,,,,,,,,,,,,,,,,,,,,,
991,1809,12/23,Sat,n,P3C1,Deux Petits Savoyards,Saint-Pierre,12/24/1809,2,,opéra,1,n,,musique de Daleyrac,,,,,,,,,,,,,,,,,,,,,,
1079,1810,10/27,Sat,n,P2C4,Deux Petits Savoyards,Saint-Pierre,10/28/1810,2,,opéra,2,n,,musique de Daleyrac,,,,"Contains typo of ""opéra"" as ""oépra""",,,,,,,,,,,,,,,,,,
1269,1812,1/30,Thurs,n,P3C1,Deux petits Savoyards,Saint-Philippe,1/30/1812,2,,opéra,1,n,,musique de Daleyrac,Mdme Moisson,,Josette,premier début de mme Moisson,,,,,,,,,,,,,,,,,,
1400,1812,12/3,Thurs,n,P3C4,Deux petits Savoyards,Saint-Philippe,12/3/1812,2,,opéra,1,y,le petit Dely Douvillier,,les deux enfants de Mlle. Laurette (age 6 and 7),n,les deux principaux rôles,,,,,,,,,,,,,,,,,,,
1411,1812,12/29,Tues,n,P3C3,Deux petits Savoyards,Saint-Philippe,12/29/1812,1,,opéra,1,y,Mlle Laurette Fleury,,,,,"ad spans 2 columns; les deux enfans de Mlle. Laurette, l'un de six ans, & l'autre de sept ans et demi, rempliront les deux principaux rôles; oncludes full cast list",,,,,,,,,,,,,,,,,,
,,,,,,,,9,,,,,,,,,,,,,,,,,,,,,,,,,,,,,
620,1806,6/4,Wed,,,"Félix, ou l'enfant trouvé",Saint-Pierre,6/5/1806,2,,opéra,3,,,,Clairville,,Félix,débuts de Clairville,,,,,,,,,,,,,,,,,,
718,1807,5/13,Wed,n,P3C1,"Félix, ou l'enfant trouvé",Saint-Pierre,5/14/1807,2,,opéra,3,,,,,,,,,,,,,,,,,,,,,,,,,
778,1807,12/9,Wed,n,P2C3,"Félix, ou l'enfant trouvé",Saint-Pierre,12/9/1807,2,,Opéra,3,n,,musique de Monsigny,,,,première,,,,,,,,,,,,,,,,,,
779,1807,12/12,Sat,n,P3C4,"Félix, ou l'enfant trouvé",Saint-Pierre,12/13/1807,2,,Opéra,3,n,,musique de Monsigny,,,,"listed as ""Felix ou l'Enfant trouvé""",,,,,,,,,,,,,,,,,,
790,1808,1/20,Wed,n,P3C4,"Félix, ou l'enfant trouvé",Saint-Pierre,1/22/1808,2,,opéra,3,n,,,,,,,,,,,,,,,,,,,,,,,,
793,1808,1/30,Sat,n,"P3C1,P2C4","Félix, ou l'enfant trouvé",Saint-Pierre,1/31/1808,2,,Opéra,3,n,,musique de Monsigny,,,,"listed as ""Felix ou l'Enfant trouvé""",,,,,,,,,,,,,,,,,,
830,1808,6/8,Wed,n,P3C1,"Félix, ou l'enfant trouvé",Saint-Pierre,6/9/1808,2,,opéra,3,n,,musique de Monsigny,,,,,,,,,,,,,,,,,,,,,,
1117,1811,2/9,Sat,n,P3C2,"Félix, ou l'enfant trouvé",Saint-Philippe,2/10/1811,2,,opéra,3,n,,musique de Monsigny,,,,,,,,,,,,,,,,,,,,,,
1174,1811,6/22,Sat,n,P3C2,"Félix, ou l'enfant trouvé",Saint-Philippe,6/23/1811,1,,opéra,3,n,,musique de Grétry,,,,new decorations painted by Cicéri,,,,,,,,,,,,,,,,,,
,,,,,,,,9,,,,,,,,,,,,,,,,,,,,,,,,,,,,,
577,1806,1/4,Sat,,,"Gulnare, ou l'Esclave persane",Saint-Pierre,1/6/1806,,,,,,,,,,,,,,,,,,,,,,,,,,,,,
607,1806,4/19,Sat,,,"Gulnare, ou l'Esclave persane",Saint-Pierre,4/20/1806,2,,opéra,,,,,,,,,,,,,,,,,,,,,,,,,,
609,1806,4/26,Sat,,,"Gulnare, ou l'Esclave persane",Saint-Pierre,4/27/1806,,,opéra,,,,,,,,remis au théâtre avec des chengements qui seront indiqués sur l'affiche du jour,,,,,,,,,,,,,,,,,,
643,1806,8/23,Sat,,,"Gulnare, ou l'Esclave persane",Saint-Pierre,8/24/1806,2,,,,,,,,,,,,,,,,,,,,,,,,,,,,
702,1807,3/18,Wed,n,P2C3,"Gulnare, ou l'Esclave persane",Saint-Pierre,3/19/1807,,,Opéra,,n,,,,,,,,,,,,,,,,,,,,,,,,
871,1808,10/29,Sat,n,"P3C1,P2C4","Gulnare, ou l'Esclave persane",Saint-Pierre,10/30/1808,2,Marsollier,opéra,1,n,,musique de Daleyrac,,,,,,,,,,,,,,,,,,,,,,
899,1809,2/4,Sat,n,P3C2,"Gulnare, ou l'Esclave persane",Saint-Pierre,2/5/1809,,,opéra,,n,,musique de Daleyrac,,,,,,,,,,,,,,,,,,,,,,
925,1809,5/6,Sat,n,P3C1,"Gulnare, ou l'Esclave persane",Saint-Pierre,5/7/1809,,,opéra,1,n,,musique de Daleyrac,,,,,,,,,,,,,,,,,,,,,,
1114,1811,2/2,Sat,n,P3C1,"Gulnare, ou l'Esclave persane",Saint-Philippe,2/2/1811,2,,opéra,1,y,Mr. Valois,musique de Daleyrac,,,,"""L'annecdote qui a fourni le sujet de la première pièce est tirée des causes célèbres, & présente un intérêt fait pour exciter la curiosité du Public""",,,,,,,,,,,,,,,,,,
1192,1811,8/3,Sat,,P3C2,"Gulnare, ou l'Esclave persane",Saint-Philippe,8/4/1811,2,,Opéra,1,n,,"musique de Daleyrac, orné de tout son spectacle",,,,,,,,,,,,,,,,,,,,,,
,,,,,,,,10,,,,,,,,,,,,,,,,,,,,,,,,,,,,,
581,1806,1/18,Sat,,,L'Abbé de l'épée,Saint-Pierre,1/21/1806,1,Bouilly,drame,5,y,Mlle Fleury ainée,,,,,,,,,,,,,,,,,,,,,,,
583,1806,1/25,Sat,,,L'Abbé de l'épée,Saint-Pierre,1/26/1806,2,Bouilly,drame,5,,,,,,,deuxième,,,,,,,,,,,,,,,,,,
605,1806,4/12,Sat,,,L'Abbé de l'épée,Saint-Pierre,4/13/1806,,Bouilly,drame,5,,,,,,,"starting today, show starts at 7 pm sharp",,,,,,,,,,,,,,,,,,
646,1806,8/27,Wed,,,L'Abbé de l'épée,Saint-Pierre,8/29/1806,,,,,y,M. St.-Just,,,,,originally 8/26; postponed due to actor illness,,,,,,,,,,,,,,,,,,
705,1807,3/28,Sat,n,P2C2,L'Abbé de l'épée,Saint-Pierre,3/29/1807,,,Drame,5,n,,,,,,en prose,,,,,,,,,,,,,,,,,,
713,1807,4/25,Sat,n,P3C1,L'Abbé de l'épée,Saint-Pierre,4/26/1807,,,,,n,,,Mm. Laurette,n,Ciémence,rentrée au theâte,,,,,,,,,,,,,,,,,,
815,1808,4/16,Sat,n,"P3C1, P3C1",L'Abbé de l'épée,Saint-Philippe,4/19/1808,1,Bouilly,comédie,5,y,Mlle. Fleury jeune,,"Mlle. Fleury aînée, Mr. Plessy, M. Auguste","y, y, y","Jules, Franval, St.-Alme","première représentation, Jules is listed as deaf and mute; originally advertised for 4/18, with a prologue pice that has disappeared; same performance/still première with same announcement from Fleury june",,,,,,,,,,,,,,,,,,
848,1808,8/10,Wed,n,"P3C1,P2C4",L'Abbé de l'épée,Saint-Pierre,8/11/1808,,Bouilly,comédie historique,5,y,M. Ferrand,,,,,"Bouilly referred to as ""membre de la société philotechnique"", author listed as ""Mr. Bouilly""",,,,,,,,,,,,,,,,,,
960,1809,9/6,Wed,n,P2C4,L'Abbé de l'épée,Saint-Philippe,9/7/1809,2,Boully,comédie,5,y,Mr. A. Daudet,,Mr Tabary,n,L'Abbé de L'Épée,"mostly a reprint of the previous issue, but is a rescheduling of this performance. Contains an apology for having to delay the performance because of the rain",,,,,,,,,,,,,,,,,,
991,1809,12/23,Sat,n,P3C1,L'Abbé de l'épée,Saint-Pierre,12/24/1809,1,Bouilly,Drame,5,n,,,,,,"""Influteur(?) des Sourds & Muets""",,,,,,,,,,,,,,,,,,
1149,1811,4/25,Thurs,n,P3C1,L'Abbé de l'épée,Saint-Philippe,4/25/1811,1,Bouilly,comédie,5,n,,,M. Tabary,n,L'Abbé de l'Épée,"""Pour le rentrée de M. Tabary""",,,,,,,,,,,,,,,,,,
1231,1811,11/2,Sat,,P2C4,L'Abbé de l'épée,Saint-Philippe,11/3/1811,1,Bouilly,Drame historique,5,n,,,,,,,,,,,,,,,,,,,,,,,,
,,,,,,,,12,,,,,,,,,,,,,,,,,,,,,,,,,,,,,
607,1806,4/19,Sat,,,L'Épreuve délicate,Saint-Pierre,4/20/1806,1,,comédie nouvelle,,,,,,,,,,,,,,,,,,,,,,,,,,
654,1806,9/24,Wed,,,L'Épreuve délicate,Saint-Pierre,9/25/1806,1,,comédie,,,,,,,,,,,,,,,,,,,,,,,,,,
718,1807,5/13,Wed,n,P3C1,L'Épreuve délicate,Saint-Pierre,5/14/1807,1,,comédie,,,,,,,,,,,,,,,,,,,,,,,,,,
774,1807,11/25,Wed,n,P2C4,L'Épreuve délicate,Saint-Pierre,11/26/1807,1,Roger,Comédie,1,n,,,,,,"preceeds Visitandines, but is listed after",,,,,,,,,,,,,,,,,,
805,1808,3/12,Sat,n,"P3C2,P3C1",L'Épreuve délicate,Saint-Pierre,3/13/1808,1,Roger,comédie,1,n,,,,,,"preceeds Azemia, but is listed after",,,,,,,,,,,,,,,,,,
824,1808,5/18,Wed,n,"P2C3,P2C2",L'Épreuve délicate,Saint-Pierre,5/19/1808,1,Roger,comédie,1,n,,,,,,"Preceeds La Rosière de Salency, but is listed after",,,,,,,,,,,,,,,,,,
1069,1810,9/22,Sat,n,P3C4,L'Épreuve délicate,Saint-Pierre,9/23/1810,1,,comédie,1,n,,,,,,"""Si le Feu d'Artifice n'a pas lieu""",,,,,,,,,,,,,,,,,,
1110,1811,1/24,Thurs,n,P3C2,L'Épreuve délicate,Saint-Philippe,1/24/1811,1,,comédie,1,n,,,,,,,,,,,,,,,,,,,,,,,,
1117,1811,2/9,Sat,n,P3C2,L'Épreuve délicate,Saint-Philippe,2/10/1811,1,,comédie,1,n,,,,,,,,,,,,,,,,,,,,,,,,
1144,1811,4/13,Sat,n,P3C2,L'Épreuve délicate,Saint-Philippe,4/14/1811,1,,comédie,1,n,,,,,,"changed from ""Le Déjeuner de Garçon""",,,,,,,,,,,,,,,,,,
,,,,,,,,10,,,,,,,,,,,,,,,,,,,,,,,,,,,,,
612,1806,5/7,Wed,,,L'Épreuve villageoise,Saint-Pierre,5/8/1806,1,,opéra,2,,,musique de Grétry,,,,,,,,,,,,,,,,,,,,,,
674,1806,12/10,Wed,n,P3C1,L'Épreuve villageoise,Saint-Pierre,12/11/1806,2,,opéra,2,n,,musique de Grétry,,,,,,,,,,,,,,,,,,,,,,
710,1807,4/15,Wed,n,P3C2,L'Épreuve villageoise,Saint-Pierre,4/16/1807,2,,Opéra,,n,,,,,,,,,,,,,,,,,,,,,,,,
761,1807,10/10,Sat,n,P2C4,L'Épreuve villageoise,Saint-Pierre,10/13/1807,2,,Opéra,2,y,Mr. Auguste,,"Mr. Godefroy, M. St. Martin","n, n","M. de la France, d'André",premier debut of Mr. Godefroy,,,,,,,,,,,,,,,,,,
795,1808,2/6,Sat,n,"P2C4,P2C3",L'Épreuve villageoise,Saint-Philippe,2/6/1808,2,,Opéra,2,n,,musique de Grétry,,,,"""Le Spectacle sera terminé par l'Anglaise dansée par M. Francisqui""",,,,,,,,,,,,,,,,,,
803,1808,3/5,Sat,n,"P3C1,P3C1",L'Épreuve villageoise,Saint-Pierre,3/6/1808,2,,Opéra,2,n,,musique de Grétry,,,,,,,,,,,,,,,,,,,,,,
894,1809,1/18,Wed,n,P3C3,L'Épreuve villageoise,Saint-Pierre,1/19/1809,,,opéra,2,n,,musique de Grétry,,,,,,,,,,,,,,,,,,,,,,
1076,1810,10/17,Wed,n,P3C1,L'Épreuve villageoise,Saint-Pierre,10/18/1810,2,,opéra,2,n,,musique de Grétry,,,,,,,,,,,,,,,,,,,,,,
1077,1810,10/20,Sat,n,P3C1,L'Épreuve villageoise,Saint-Pierre,10/21/1810,2,,opéra,2,n,,musique de Grétry,,,,,,,,,,,,,,,,,,,,,,
,,,,,,,,9,,,,,,,,,,,,,,,,,,,,,,,,,,,,,
746,1807,8/19,Wed,n,P3C1,L'Opéra Comique,Saint-Pierre,8/20/1807,2,Dupaty and Ségur,opéra-comique,1,n,,Musique du célebre Dco. Della Maria,Les Acteurs De Societé,,,chosen by the orchestra personnel because of the great actor-singers in the cast and the success in France,,,,,,,,,,,,,,,,,,
753,1807,9/12,Sat,n,P2C4,L'Opéra Comique,Saint-Pierre,9/13/1807,2,,Opéra,1,n,,musique de célebre Della Maria,,,,seconde représentation,,,,,,,,,,,,,,,,,,
784,1807,12/30,Wed,n,P2C3,L'Opéra Comique,Saint-Pierre,12/30/1807,2,,opéra,1,y,Mdme. St.-Ceran,musique de Signor Dominico Della Maria,,,,"listed as following Distrait, followed by a note to the public that Madame St.-Ceran icloses with saying that she embraced the difficulties (of a theater career) in hope to one day become pleasant to the public, see Moniteur 12.30.1807",,,,,,,,,,,,,,,,,,
791,1808,1/23,Sat,n,"P2C4,P2C4",L'Opéra Comique,Saint-Pierre,1/24/1808,2,,opéra,1,n,,,,,,,,,,,,,,,,,,,,,,,,
801,1808,2/27,Sat,n,"P2C4,P2C4",L'Opéra Comique,Saint-Pierre,2/28/1808,2,,Opéra,,n,,musique del Sr. Della Maria,,,,,,,,,,,,,,,,,,,,,,
817,1808,4/23,Sat,n,"P2C4,P2C4",L'Opéra Comique,Saint-Pierre,4/24/1808,2,,opéra,1,n,,musique de Sr. Della Maria,,,,inclludes an ad from a spectator wondering how to attend shows at both theatres at the same time...,,,,,,,,,,,,,,,,,,
837,1808,7/2,Sat,n,"P3C2,P3C3",L'Opéra Comique,Saint-Philippe,7/3/1808,1,Ségur,opéra,1,n,,musique de Della Maria,Mr. Auguste,y,Armand,"this is listed as ""l'Opéra Comique"" in both the Spectacle and the Theatre de la Rue Saint-Phillipe section",,,,,,,,,,,,,,,,,,
837,1808,7/2,Sat,n,"P3C2,P3C3",L'Opéra Comique,Saint-Pierre,7/3/1808,2,Ségur,opéra,1,n,,musique de Della Maria,,,,,,,,,,,,,,,,,,,,,,
858,1808,9/14,Wed,n,"P3C2,P3C1",L'Opéra Comique,Saint-Pierre,9/15/1808,2,,opéra,1,n,,musique de Della Maria,,,,,,,,,,,,,,,,,,,,,,
965,1809,9/23,Sat,n,P3C2,L'Opéra Comique,Saint-Philippe,9/24/1809,2,,,,y,Mr. Ernest,,,,,"""S'addresser pour la location des Loges, à M. Laroque""",,,,,,,,,,,,,,,,,,
966,1809,9/27,Wed,n,P3C2,L'Opéra Comique,Saint-Pierre,9/28/1809,1,,opéra,,y,Mme. Douvillier,musique de Della Maria,,,,"""S'addresser pour la location des Loges, à la salle de Spectacle"", reprint of the advertisement for the same performance in the previous issue",,,,,,,,,,,,,,,,,,
1005,1810,2/10,Sat,n,P3C4,L'Opéra Comique,Saint-Pierre,2/11/1810,2,,opéra,1,n,,musique de Della Maria,,,,,,,,,,,,,,,,,,,,,,
1081,1810,11/3,Sat,n,P3C2,L'Opéra Comique,Saint-Pierre,11/4/1810,2,,opéra,1,n,,musique de Della Maria,,,,,,,,,,,,,,,,,,,,,,
1328.5,1812,6/18,Thurs,,P4C4,L'Opéra Comique,Saint-Philippe,6/18/1812,2,,Opéra,1,y,Mme. Douvillier,musique de D. Maria,,,,,,,,,,,,,,,,,,,,,,
,,,,,,,,14,,,,,,,,,,,,,,,,,,,,,,,,,,,,,
990,1809,12/20,Wed,n,P3C2,La Belle Arsene,Saint-Pierre,12/20/1809,,,opéra,4,n,,musique de Monsigny,,,,"En L'Honneur de L'Anniversaire de la Prise de Possession de ce Territoire… En cas de mauvais tems, le spectacle sera renvoye a demain Jeudi""",,,,,,,,,,,,,,,,,,
581,1806,1/18,Sat,,,La Belle Arsène,Saint-Pierre,1/19/1806,,,,,,,,,,,,,,,,,,,,,,,,,,,,,
663,1806,11/1,Sat,n,P2C4,La Belle Arsène,Saint-Pierre,11/1/1806,,,Opéra féerie,,n,,,M. Champigny,y,Charbonnier,,,,,,,,,,,,,,,,,,,
802,1808,3/2,Wed,n,"P3C1,P2C3",La Belle Arsène,Saint-Philippe,3/2/1808,,Favart,Opéra-séerie,4,n,,"musique de Monsigny, ballets dans lesquels M. Francisqui dansera les principales entrées",,,,also listed: Ballets dans lesquels M. Francisqui dansera les principales entrées,,,,,,,,,,,,,,,,,,
825,1808,5/21,Sat,n,"P2C3,P2C4",La Belle Arsène,Saint-Philippe,5/22/1808,2,,opéra féerie,3,n,,,M. Champigny,y,Charbonnier,,,,,,,,,,,,,,,,,,,
889,1808,12/31,Sat,n,P3C1,La Belle Arsène,Saint-Pierre,1/1/1809,,,opéra-séerie,4,n,,"dans lequel paraitra le nouveau salon, peint par Mr. Godefroy",Mlle. Lise Douvillier,n,Satatue,,,,,,,,,,,,,,,,,,,
937,1809,6/17,Sat,n,P3C1,La Belle Arsène,Saint-Philippe,6/18/1809,,,Opéra séerie,4,n,,musique de Grétry,Madmlle. Josephine,n,Statue,dans lequel Madmlle. Josephine sera sa rentrée à ce théâtre,,,,,,,,,,,,,,,,,,
1210,1811,9/14,Sat,n,P3C1,La Belle Arsène,Saint-Philippe,9/15/1811,,,,,,,,,,,,,,,,,,,,,,,,,,,,,
1245,1811,12/5,Thurs,n,P3C2,La Belle Arsène,Saint-Philippe,12/5/1811,2,,opéra-féerie,4,n,,musique de Grétry,,,,,,,,,,,,,,,,,,,,,,
,,,,,,,,9,,,,,,,,,,,,,,,,,,,,,,,,,,,,,
572,1805,12/18,Wed,,,La Danse Interrompue,Saint-Pierre,12/19/1805,2,,vaudeville nouveau,1,,,,,,,,,,,,,,,,,,,,,,,,,
599,1806,3/22,Sat,,,La Danse Interrompue,Saint-Pierre,3/23/1806,2,,vaudeville nouveau,,,,,,,,,,,,,,,,,,,,,,,,,,
659,1806,10/11,Sat,,,La Danse Interrompue,Saint-Pierre,10/12/1806,2,,vaudeville,1,,,,,,,,,,,,,,,,,,,,,,,,,
681,1807,1/3,Sat,n,P3C2,La Danse Interrompue,Saint-Pierre,1/6/1807,2,,,,n,,,,,,,,,,,,,,,,,,,,,,,,
767,1807,10/31,Sat,n,P3C1,La Danse Interrompue,Saint-Pierre,11/1/1807,3,,Vaudeville,1,n,,,,,,,,,,,,,,,,,,,,,,,,
862,1808,9/28,Wed,n,P2C4,La Danse Interrompue,Saint-Pierre,9/29/1808,2,,vaudeville,1,n,,,,,,,,,,,,,,,,,,,,,,,,
922,1809,4/26,Wed,n,P3C2,La Danse Interrompue,Saint-Pierre,4/28/1809,,,Vaudeville,1,n,,,,,,"listed as ""vendredi prochain"", but not advertised in subsequent issues, so performance is on 4/28",,,,,,,,,,,,,,,,,,
1033,1810,5/19,Sat,n,P3C4,La Danse Interrompue,Saint-Pierre,5/20/1810,2,,vaudeville,1,n,,,,,,,,,,,,,,,,,,,,,,,,
1126,1811,3/2,Sat,n,P3C1,La Danse Interrompue,Saint-Philippe,3/3/1811,2,,vaudeville,1,n,,,,,,,,,,,,,,,,,,,,,,,,
1194,1811,8/8,Thurs,,P3C1,La Danse Interrompue,Saint-Philippe,8/8/1811,1,,comédie vaudeville,1,n,,,,,,,,,,,,,,,,,,,,,,,,
,,,,,,,,10,,,,,,,,,,,,,,,,,,,,,,,,,,,,,
819,1808,4/30,Sat,n,"P2C4, P2C3",La Jeune Femme Colère,Saint-Philippe,4/30/1808,1,,comédie,1,y,Mdm. Daudet,,,,,"primère représentation, arivée de France dans la dernière collection",,,,,,,,,,,,,,,,,,
821,1808,5/7,Sat,n,"P3C2,P3C3",La Jeune Femme Colère,Saint-Philippe,5/8/1808,1,,vaudeville,1,n,,,,,,2em représentation,,,,,,,,,,,,,,,,,,
861,1808,9/24,Sat,n,"P3C3,P3C2",La Jeune Femme Colère,Saint-Pierre,9/25/1808,1,Picard,comédie,1,n,,,,,,,,,,,,,,,,,,,,,,,,
899,1809,2/4,Sat,n,P3C2,La Jeune Femme Colère,Saint-Pierre,2/5/1809,,,comédie,,n,,,,,,"preceeds Gulnare, but is listed after",,,,,,,,,,,,,,,,,,
971,1809,10/14,Sat,n,P2C4,La Jeune Femme Colère,Saint-Philippe,10/15/1809,1,,,,n,,,,,,,,,,,,,,,,,,,,,,,,
1232,1811,11/5,Tues,,P2C4,La Jeune Femme Colère,Saint-Philippe,11/5/1811,2,,Opéra nouveau,1,y,La Direction,,,,,,,,,,,,,,,,,,,,,,,
1288,1812,3/14,Sat,n,P3C1,La Jeune Femme Colère,Saint-Philippe,3/15/1812,2,,opéra,1,n,,musique de Boyeldieu,,,,,,,,,,,,,,,,,,,,,,
1311,1812,5/7,Thurs,n,P3C2,La Jeune Femme Colère,Saint-Philippe,5/7/1812,1,,opéra,1,n,,musique de Boyeldieu,,,,,,,,,,,,,,,,,,,,,,
1401,1812,12/5,Sat,n,P3C4,La Jeune Femme Colère,Saint-Philippe,12/6/1812,1,,opéra,1,n,,musique de Boyeldieu,,,,,,,,,,,,,,,,,,,,,,
,,,,,,,,9,,,,,,,,,,,,,,,,,,,,,,,,,,,,,
903,1809,2/18,Sat,n,P3C1,La Leçon de Botanique ou Les Deux Peres,Saint-Pierre,2/21/1809,,Emmanuel Dupaty,comédie nouvelle,,y,M. Tabary,,,,,"author listed as ""Dupaty""",,,,,,,,,,,,,,,,,,
907,1809,3/4,Sat,n,P3C2,La Leçon de Botanique ou Les Deux Peres,Saint-Pierre,3/5/1809,,Emmanuel Dupaty,comédie,2,n,,,,,,"author listed as ""Dupaty""",,,,,,,,,,,,,,,,,,
917,1809,4/8,Sat,n,P3C2,La Leçon de Botanique ou Les Deux Peres,Saint-Pierre,4/9/1809,,Emmanuel Dupaty,comédie,2,n,,,,,,"author listed as ""Dupaty""",,,,,,,,,,,,,,,,,,
931,1809,5/27,Sat,n,P2C4,La Leçon de Botanique ou Les Deux Peres,Saint-Pierre,5/28/1809,,Dupaty,comédie,2,n,,,,,,,,,,,,,,,,,,,,,,,,
980,1809,11/15,Wed,n,P3C2,La Leçon de Botanique ou Les Deux Peres,Saint-Philippe,11/16/1809,1,Dupaty,comédie,2,y,Mr. Foucher,,,,,,,,,,,,,,,,,,,,,,,
1003,1810,2/3,Sat,n,P3C2,La Leçon de Botanique ou Les Deux Peres,Saint-Pierre,2/4/1810,1,Dupaty,comédie,1,n,,,M. Ferrand,y,"Dorval, Frontin",,,,,,,,,,,,,,,,,,,
1153,1811,5/4,Sat,n,P3C2,La Leçon de Botanique ou Les Deux Peres,Saint-Philippe,5/5/1811,1,,comédie,2,n,,,,,,"""ornée d'une décoration nouvelle, représentant une site pittoresque peinte par Ciceri, Décorateur des premiers théâtres d'Italie""",,,,,,,,,,,,,,,,,,
1155,1811,5/9,Thurs,n,P3C1,La Leçon de Botanique ou Les Deux Peres,Saint-Philippe,5/9/1811,1,Dupaty,comédie,2,n,,,,,,"""ornée d'une décoration nouvelle représentant un site pittoresque, peinte par Ciceri""",,,,,,,,,,,,,,,,,,
1224,1811,10/17,Thurs,n,P3C1,La Leçon de Botanique ou Les Deux Peres,Saint-Philippe,10/17/1811,1,Dupaty,comédie,2,n,,,,,,,,,,,,,,,,,,,,,,,,
1276,1812,2/15,Sat,n,P2C4,La Leçon de Botanique ou Les Deux Peres,Saint-Philippe,2/16/1812,1,,Comédie,2,n,,,,,,,,,,,,,,,,,,,,,,,,
1037,1810,6/2,Sat,n,P3C3,La Leçon de Botanique ou les Deux Pères,Saint-Pierre,6/3/1810,1,Dupaty,comédie,1,n,,,,,,"Farewell performance for M. Tabary, who will be taking a short leave of absence, does not list the alternate name, Note from A. Daudet, the stage manager, saying that for all performance days curtains will open at exactly 7:30PM so the show can end at a reasonable hour",,,,,,,,,,,,,,,,,,
1191,1811,8/1,Thurs,,P3C2,La Leçon de Botanique ou les Deux Pères,Saint-Philippe,8/1/1811,1,Dupati,comédie,2,n,,,,,,,,,,,,,,,,,,,,,,,,
,,,,,,,,12,,,,,,,,,,,,,,,,,,,,,,,,,,,,,
604,1806,4/9,Wed,,,La mélomanie,Saint-Pierre,4/10/1806,2,,opéra,,,,musique de Champein,,,,,,,,,,,,,,,,,,,,,,
660,1806,10/22,Wed,n,P3C2,La Mélomanie,Saint-Pierre,10/23/1806,,Musique de Champein,Opéra,,n,,,Mlle. Josephine,y,Elise,Le premier début de Mlle. Josephine par le rôle d'Elise,,,,,,,,,,,,,,,,,,
696,1807,2/25,Wed,,P3C1,La Mélomanie,Saint-Pierre,2/26/1807,1,,,,n,,,,,,,,,,,,,,,,,,,,,,,,
720,1807,5/20,Wed,n,P2C3,La Mélomanie,Saint-Pierre,5/21/1807,2,,opéra,,n,,,Mlle. Joséphine,n,Elize,,,,,,,,,,,,,,,,,,,
733,1807,7/4,Sat,n,"P2C3, P2C4",La Mélomanie,Saint-Pierre,7/5/1807,2,,Opéra,1,n,,,Mme. Feron,,Lisette,actrice nouvellement arrivée en cette ville; premier début,,,,,,,,,,,,,,,,,,
771,1807,11/14,Sat,n,P2C4,La Mélomanie,Saint-Pierre,11/15/1807,2,,opéra,1,n,,musique de Champein,,,,,,,,,,,,,,,,,,,,,,
799,1808,2/20,Sat,n,"P3C1,P3C1",La Mélomanie,Saint-Philippe,2/20/1808,2,Champein,opéra,1,n,,,,,,,,,,,,,,,,,,,,,,,,
849,1808,8/13,Sat,n,"P2C4,P2C3",La Mélomanie,Saint-Pierre,8/16/1808,2,,opéra,,y,M. Deperville,musique de Champein,M. Deperville,n,Mélomane,,,,,,,,,,,,,,,,,,,
999,1810,1/20,Sat,n,P3C3,La Mélomanie,Saint-Pierre,1/21/1810,2,,opéra,1,n,,musique de Champein,M. Ferrand,y,Crispin,,,,,,,,,,,,,,,,,,,
1107,1811,1/17,Thurs,n,P3C3,La Mélomanie,Saint-Philippe,1/17/1811,2,,opéra,1,n,,musique de Champein,M. Desperville,n,Le Melomane,M. Desperville's 2nd reentry to the theatre,,,,,,,,,,,,,,,,,,
,,,,,,,,10,,,,,,,,,,,,,,,,,,,,,,,,,,,,,
574,1805,12/25,Wed,,,Le Calife de Bagdad,Saint-Pierre,12/25/1805,2,,opéra nouveau,,y,Une Dame Amateur,musique de Boieldieu,,,,première; à grand spectacle,,,,,,,,,,,,,,,,,,
580,1806,1/15,Wed,,,Le Calife de Bagdad,Saint-Pierre,1/16/1806,2,,opéra nouveau,,,,musique de Boieldieu,,,,deuxième; orné de tout son spectacle,,,,,,,,,,,,,,,,,,
593,1806,3/1,Sat,,,Le Calife de Bagdad,Saint-Pierre,3/2/1806,2,,opéra nouveau,,,,,,,,,,,,,,,,,,,,,,,,,,
721,1807,5/23,Sat,n,P2C4,Le Calife de Bagdad,Saint-Pierre,5/26/1807,1,,opéra,,y,la Direction,musique de Boieldieu,Mr. Douvillier,n,Calife,"""orné de tout son Spectacle""",,,,,,,,,,,,,,,,,,
883,1808,12/10,Sat,n,P3C1,Le Calife de Bagdad,Saint-Pierre,12/11/1808,2,,opéra,1,n,,musique de Boëldieu,,,,,,,,,,,,,,,,,,,,,,
971,1809,10/14,Sat,n,P2C4,Le Calife de Bagdad,Saint-Philippe,10/15/1809,2,Boeldieu,opéra,,n,,,,,,,,,,,,,,,,,,,,,,,,
1019,1810,3/31,Sat,n,P3C3,Le Calife de Bagdad,Saint-Pierre,4/1/1810,2,,opéra,1,n,,musique de Boieldieu,,,,Note at the end about the opera,,,,,,,,,,,,,,,,,,
1138,1811,3/30,Sat,n,P3C2,Le Calife de Bagdad,Saint-Philippe,3/31/1811,2,,opéra,1,n,,musique de Boeldieu,,,,"new costumes, new decorations ""représentant un point de la ville de Bagdad""",,,,,,,,,,,,,,,,,,
1219,1811,10/5,Sat,n,P3C1,Le Calife de Bagdad,Saint-Philippe,10/6/1811,2,Musique de Boïldieu,Opéra,1,n,,,,,,"""à grande spectacle"" ""décors & costumes nouveaux.""",,,,,,,,,,,,,,,,,,
1276,1812,2/15,Sat,n,P2C4,Le Calife de Bagdad,Saint-Philippe,2/16/1812,2,Boyeldieu,Opéra,1,n,,,,,,pour la rentrée de Mlle Laurette,,,,,,,,,,,,,,,,,,
,,,,,,,,10,,,,,,,,,,,,,,,,,,,,,,,,,,,,,
600,1806,3/26,Wed,,,Le Déserteur,Saint-Pierre,3/28/1806,2,,Opéra,3,,,musique de Monsigny,M. Douvillier,,Déserteur,,,,,,,,,,,,,,,,,,,
743,1807,8/8,Sat,n,P2C3,Le Déserteur,Saint-Pierre,8/9/1807,2,,Opéra,3,N,,,"M. Douvillier, M. Clairville, M. Daudet",,"Déserteur, Monte-au-ciel, Jean Louis Basset",,,,,,,,,,,,,,,,,,,
782,1807,12/23,Wed,n,P2C2,Le Déserteur,Saint-Pierre,12/25/1807,2,,opéra,3,n,,musique de Monsigny,Mr. St.-Martin,n,Déserteur,,,,,,,,,,,,,,,,,,,
1001,1810,1/27,Sat,n,P3C2,Le Déserteur,Saint-Pierre,1/27/1810,1,Mercier et Patrat,drame,5,y,Mr. Auguste,,,,,"première représentation, includes three paragraphs praising this drama and Philippe & Georgette, refers to a poster that has a cast list on it",,,,,,,,,,,,,,,,,,
1013,1810,3/10,Sat,n,P3C2,Le Déserteur,Saint-Pierre,3/11/1810,1,Mercier,Drame,5,n,,,,,,,,,,,,,,,,,,,,,,,,
1039,1810,6/9,Sat,n,P3C3,Le Déserteur,Saint-Pierre,6/10/1810,2,Sedaine,opéra,3,n,,musique de Monsigny,,,,,,,,,,,,,,,,,,,,,,
1165,1811,6/1,Sat,n,P3C2,Le Déserteur,Saint-Philippe,6/3/1811,1,Mercier,drame,4,n,,,,,,"Title printed as only ""Deserteur""",,,,,,,,,,,,,,,,,,
1168,1811,6/8,Sat,n,P2C4,Le Déserteur,Saint-Philippe,6/9/1811,2,,opéra,3,n,,musique de Monsigny,,,,,,,,,,,,,,,,,,,,,,
1177,1811,6/29,Sat,n,P3C1,Le Déserteur,Saint-Philippe,6/30/1811,1,Mercier,drame,4,n,,,,,,,,,,,,,,,,,,,,,,,,
676,1806,12/17,Wed,n,P2C4,Le Déserteur ,Saint-Pierre,12/18/1806,2,,opéra,3,n,,musique de Monsigny,,,,,,,,,,,,,,,,,,,,,,
807,1808,3/19,Sat,n,"P3C2,P3C1","Le Déserteur, ou la Noce supposée",Saint-Philippe,3/19/1808,2,"Dauberval, Jean Bercher",grand ballet Pantomime,3,n,,"Barthélemon, François Hippolyte","Mr. Donvillier, Mr. Daudet, Mr. Francisqui, Mr. Teffier, Mr. Clairville, Mr. Tabary, Mr. Dessessart, Mlle. Fleury, Mme. Daudet, Mme. Brunet, Mlle. Marie","n, n, n, n, n, n, n, n, n, n","Alexis, Jean Louis, Bertrand, Montauciel, Le Géneral, Le Major, Le Geolier, Louise (fille de J.L.), La Duchesse, La Tante, Jeannette","première représentation, ""figurans"" will play the backing roles, such as soldiers, troops, etc, the spectacle will end with a party and a ballet with amateur dancers and ""un pas seul dans le charactère d'Hussard; title given as ""Ballet du Déserteur,"" full cast list in ad",,,,,,,,,,,,,,,,,,
821,1808,5/7,Sat,n,"P3C2,P3C3","Le Déserteur, ou La noce supposée",Saint-Philippe,5/8/1808,2,,grand ballet pantomime,3,n,,,,,,seconde représentation,,,,,,,,,,,,,,,,,,
,,,,,,,,12,,,,,,,,,,,,,,,,,,,,,,,,,,,,,
665,1806,11/8,Sat,n,P3C1,Le Jugement de Midas,Saint-Pierre,11/9/1806,,Grétry,Opéra,3,n,,,,,,Une premiere représentation,,,,,,,,,,,,,,,,,,
672,1806,12/3,Wed,n,P3C1,Le Jugement de Midas,Saint-Pierre,12/4/1806,1,,opéra,3,n,,musique de Grerry,,,,,,,,,,,,,,,,,,,,,,
675,1806,12/13,Sat,n,P2C4,Le Jugement de Midas,Saint-Pierre,12/14/1806,1,,opéra,3,n,,musique de Grétry,,,,,,,,,,,,,,,,,,,,,,
689,1807,1/31,Sat,n,P2C4,Le Jugement de Midas,Saint-Pierre,2/1/1807,2,,opéra,3,n,,musique de Grétry,M. Douvillier,n,Palemon,,,,,,,,,,,,,,,,,,,
690,1807,2/4,Wed,,P3C3,Le Jugement de Midas,Saint-Pierre,2/5/1807,2,,Opéra,3,,,musique de Grétry,M. Douvillier,n,Palemon,,,,,,,,,,,,,,,,,,,
697,1807,2/28,Sat,,P3C1,Le Jugement de Midas,Saint-Pierre,3/1/1807,2,,Opéra,3,n,,Musique de Grétry,,,,,,,,,,,,,,,,,,,,,,
811,1808,4/2,Sat,n,"P3C2,P2C4",Le Jugement de Midas,Saint-Philippe,4/2/1808,2,Grétry,Opéra,3,n,,,,,,"primère représentation; identical program with same mention of premiere adverrtised for 3/310, must have been cancelled and played 4/2",,,,,,,,,,,,,,,,,,
881,1808,12/3,Sat,n,P3C2,Le Jugement de Midas,Saint-Pierre,12/4/1808,2,,opéra,3,n,,musique de Grétry,,,,,,,,,,,,,,,,,,,,,,
935,1809,6/10,Sat,n,P2C3,Le Jugement de Midas,Saint-Philippe,6/11/1809,,,opéra,3,n,,,,,,,,,,,,,,,,,,,,,,,,
1194,1811,8/8,Thurs,,P3C1,Le Jugement de Midas,Saint-Philippe,8/8/1811,2,,Opéra,3,n,,musique de Grétry,,,,,,,,,,,,,,,,,,,,,,
,,,,,,,,10,,,,,,,,,,,,,,,,,,,,,,,,,,,,,
613,1806,5/10,Sat,,,"Le Sourd, ou l'Auberge pleine",Saint-Pierre,5/11/1806,,Desforges,comédie,3,,,,,,,,,,,,,,,,,,,,,,,,,
737,1807,7/18,Sat,n,P3C1,"Le Sourd, ou L'Auberge pleine",Saint-Pierre,7/19/1807,1,,Comédie,3,n,,,M. Daudet,n,Danières,Auberge pleine to play before Arlequin afficheur,,,,,,,,,,,,,,,,,,
822,1808,5/11,Wed,n,"P3C1,P2C4","Le Sourd, ou l'Auberge pleine",Saint-Philippe,5/13/1808,1,Desforges,comédie,3,n,,,"unlisted, unlisted","y, y","Sourd, St.-Firmin",,,,,,,,,,,,,,,,,,,
845,1808,7/30,Sat,n,"P3C1,P3C3","Le Sourd, ou L'Auberge pleine",Saint-Philippe,7/31/1808,1,Desforges,Comédie,3,n,,,Dame,n,Madame Le Gras,"""Pour le début d'une Dame",,,,,,,,,,,,,,,,,,
859,1808,9/17,Sat,n,"P3C3,P3C3","Le Sourd, ou l'Auberge pleine",Théâtre de la Gaîté,9/17/1808,1,Desforges,comédie,3,n,,,,,,"preceeds Tirelire, but is listed after",,,,,,,,,,,,,,,,,,
883,1808,12/10,Sat,n,P3C1,"Le Sourd, ou L'Auberge pleine",Saint-Pierre,12/11/1808,1,Desforges,comédie,3,n,,,,,,,,,,,,,,,,,,,,,,,,
943,1809,7/8,Sat,y,P1C4,"Le Sourd, ou l'Auberge pleine",Saint-Philippe,7/9/1809,,,comédie,3,n,,,,,,"Sourd is described as being shown ""a [sic] la demande du public""",,,,,,,,,,,,,,,,,,
1011,1810,3/3,Sat,n,P3C3,"Le Sourd, ou L'Auberge pleine",Saint-Pierre,3/4/1810,1,Desforges,comédie,3,n,,,,,,,,,,,,,,,,,,,,,,,,
1119,1811,2/14,Thurs,n,P3C2,"Le Sourd, ou L'Auberge pleine",Saint-Philippe,2/14/1811,1,Desforges,comédie,3,n,,,Madame Gaspard,n,Petronille,debut performance for Mme Gaspard,,,,,,,,,,,,,,,,,,
1317,1812,5/21,Thurs,n,"P3C1, P3C4","Le Sourd, ou L'Auberge Pleine",Saint-Philippe,5/21/1812,1,Desforges,comédie,3,n,,,,,,"The heading of this ad seems to have been misprinted and reads ""SPECATCLE"" instead of the usual ""SPECTACLE"", this issue also includes an ad titled ""AVIS"" in which it is declared that Louis Tabary wants to leave the theatre and is looking for a job in a house to teach kids",,,,,,,,,,,,,,,,,,
,,,,,,,,10,,,,,,,,,,,,,,,,,,,,,,,,,,,,,
567,1805,11/30,Sat,,,"Les Amans prothée, ou Qui compte sans son hôte, compte deux fois",Saint-Pierre,12/1/1805,2,Patrat,vaudeville nouveau,,,,,,,,,,,,,,,,,,,,,,,,,,
588,1806,2/12,Wed,,,"Les Amans prothée, ou Qui compte sans son hôte, compte deux fois",Saint-Pierre,2/13/1806,2,Patrat,vaudeville,1,,,,,,,,,,,,,,,,,,,,,,,,,
649,1806,9/6,Sat,,,"Les Amans prothée, ou Qui compte sans son hôte, compte deux fois",Saint-Pierre,9/7/1806,2,,Comédie,1,,,,,,,,,,,,,,,,,,,,,,,,,
673,1806,12/6,Sat,n,P2C3,"Les Amans prothée, ou Qui compte sans son hôte, compte deux fois",Saint-Pierre,12/7/1806,2,,vaudeville,1,n,,,,,,,,,,,,,,,,,,,,,,,,
703,1807,3/21,Sat,n,P3C1,"Les Amans prothée, ou Qui compte sans son hôte, compte deux fois",Saint-Pierre,3/22/1807,2,,,,n,,,,,,,,,,,,,,,,,,,,,,,,
749,1807,8/29,Sat,n,P2C2,"Les Amans prothée, ou Qui compte sans son hôte, compte deux fois",Saint-Pierre,8/30/1807,2,,Comédie,1,n,,,M. Ferrand,n,Dubriel,"""mêlée de Vaudeville"", spelled ""Amans Prothées"" instead of ""Amants Protées""",,,,,,,,,,,,,,,,,,
806,1808,3/16,Wed,n,"P3C2,P3C1","Les Amans prothée, ou Qui compte sans son hôte, compte deux fois",Saint-Pierre,3/17/1808,2,,vaudeville,1,n,,,,,,,,,,,,,,,,,,,,,,,,
898,1809,2/1,Wed,n,P3C2,"Les Amans prothée, ou Qui compte sans son hôte, compte deux fois",Saint-Pierre,2/2/1809,,,vaudeville,1,n,,,,,,,,,,,,,,,,,,,,,,,,
903,1809,2/18,Sat,n,P3C1,"Les Amans prothée, ou Qui compte sans son hôte, compte deux fois",Saint-Pierre,2/19/1808,,,vaudeville,1,n,,,,,,"spelled ""Amans Prothées"" instead of ""Amants Protées""",,,,,,,,,,,,,,,,,,
968,1809,10/4,Wed,n,P3C1,"Les Amans prothée, ou Qui compte sans son hôte, compte deux fois",Saint-Pierre,10/5/1809,2,,,,y,Mr. Ernest,,,,,"""S'addresser pour la location des Loges, à M. Laroque""",,,,,,,,,,,,,,,,,,
1001,1810,1/27,Sat,n,P3C2,"Les Amans prothée, ou Qui compte sans son hôte, compte deux fois",Saint-Pierre,1/28/1810,2,,comédie vaudeville,1,n,,,M. Ferrand,y,Dubriel,"listed as ""Amans Protées"", missing the ""t"" in ""amants""",,,,,,,,,,,,,,,,,,
1097,1810,12/25,Tues,n,P3C4,"Les Amans prothée, ou Qui compte sans son hôte, compte deux fois",Saint-Philippe,12/25/1810,2,,vaudeville,1,n,,,,,,,,,,,,,,,,,,,,,,,,
1213,1811,9/21,Sat,n,P2C2,"Les Amans prothée, ou Qui compte sans son hôte, compte deux fois",Saint-Philippe,9/22/1811,,,vaudeville,1,n,,,,,,,,,,,,,,,,,,,,,,,,
,,,,,,,,13,,,,,,,,,,,,,,,,,,,,,,,,,,,,,
626,1806,6/25,Wed,y,,Les Dettes,Saint-Pierre,6/26/1806,,,Opéra,,,,,Clairville,,Chevalier,,,,,,,,,,,,,,,,,,,
631,1806,7/12,Sat,,,Les Dettes,Saint-Pierre,7/13/1806,2,,opéra,,,,musique de Champein,,,,ad completely surrounded by the provisions of the new code noir,,,,,,,,,,,,,,,,,,
650,1806,9/10,Wed,,,Les Dettes,Saint-Pierre,9/11/1806,,,Opéra,,,,musique de Dalayrac,,,,,,,,,,,,,,,,,,,,,,
670,1806,11/26,Wed,n,P3C3,Les Dettes,Saint-Pierre,11/27/1806,2,Daleyrac,Opéra,2,n,,,,,,,,,,,,,,,,,,,,,,,,
694,1807,2/18,Wed,,P2C4,Les Dettes,Saint-Pierre,2/19/1807,2,,comédie,,n,,musique de Daleyrac,,,,,,,,,,,,,,,,,,,,,,
796,1808,2/10,Wed,n,"P2C4,P2C3",Les Dettes,Saint-Philippe,2/10/1808,2,,Opéra,2,n,,musique de Champein,,,,,,,,,,,,,,,,,,,,,,
822,1808,5/11,Wed,n,"P3C1,P2C4",Les Dettes,Saint-Philippe,5/13/1808,2,,opéra,3,n,,musique de Champein,,,,,,,,,,,,,,,,,,,,,,
866,1808,10/12,Wed,n,P2C4,Les Dettes,Saint-Pierre,10/13/1808,2,,opéra,2,n,,musique de Champein,,,,,,,,,,,,,,,,,,,,,,
918,1809,4/12,Wed,n,P3C1,Les Dettes,Saint-Pierre,4/13/1809,,,opéra,2,n,,musique de Champein,,,,,,,,,,,,,,,,,,,,,,
,,,,,,,,9,,,,,,,,,,,,,,,,,,,,,,,,,,,,,
579,1806,1/11,Sat,,,"Les deux frères, ou La réconciliation",Saint-Pierre,1/12/1806,,,,,,,,,,,,,,,,,,,,,,,,,,,,,
608,1806,4/23,Wed,,,"Les deux frères, ou La réconciliation",Saint-Pierre,4/24/1806,1,Kotzebue,drame,3,,,,,,,,,,,,,,,,,,,,,,,,,
640,1806,8/13,Wed,,,"Les deux frères, ou La réconciliation",Saint-Pierre,8/15/1806,1,,comédie,,,,,,,,pour la rentrée au théâtre de Mlle Fleury jeune,,,,,,,,,,,,,,,,,,
717,1807,5/9,Sat,n,P3C1,"Les deux frères, ou La réconciliation",Saint-Pierre,5/10/1807,1,,drame,,n,,,,,,,,,,,,,,,,,,,,,,,,
837,1808,7/2,Sat,n,"P3C2,P3C3","Les deux frères, ou La réconciliation",Saint-Pierre,7/3/1808,1,Korzebue,Comédie,4,n,,,,,,"words listed as ""du théâtre de Korzebue"", listed as ""Deux Frères Défunis ou La Réconciliation""",,,,,,,,,,,,,,,,,,
884,1808,12/14,Wed,n,P3C1,"Les deux frères, ou La réconciliation",Saint-Pierre,12/15/1808,1,Picard,comédie,4,n,,,,,,"listed as ""Deux Frères Défunis ou La Réconciliation""",,,,,,,,,,,,,,,,,,
898,1809,2/1,Wed,n,P3C2,"Les deux frères, ou La réconciliation",Saint-Pierre,2/2/1809,,Korzebue,Drame,4,n,,,,,,,,,,,,,,,,,,,,,,,,
1015,1810,3/17,Sat,n,P3C2,"Les deux frères, ou La réconciliation",Saint-Pierre,3/18/1810,1,Korzebue,comédie,4,n,,,,,,,,,,,,,,,,,,,,,,,,
1097,1810,12/25,Tues,n,P3C4,"Les deux frères, ou La réconciliation",Saint-Philippe,12/25/1810,1,Korzebue,comédie,4,n,,,M. Fournier,n,Le Capitaine,M. Fournier's reentry into the theatre,,,,,,,,,,,,,,,,,,
1227,1811,10/24,Thurs,n,P3C1,"Les deux frères, ou La réconciliation",Saint-Philippe,10/24/1811,1,Kotzebue,comédie,4,n,,,,,,"imitée de Kotzebue; incorrectly listed as ""demain jeudi 24 du courant"" (should be today)",,,,,,,,,,,,,,,,,,
,,,,,,,,10,,,,,,,,,,,,,,,,,,,,,,,,,,,,,
978,1809,11/8,Wed,n,P2C3,Ma Tante Aurore ou le Roman Impromptu,Saint-Pierre,11/9/1809,2,,opéra nouveau,2,y,M. Bazile,musique de Boeldieu,,,,"""sans remise,"" The benefit on 10/31 is suspended due to the indisposition of an actor, and will be rescheduled, ""Incessament, les débuts de Madame LARUE""",,,,,,,,,,,,,,,,,,
984,1809,11/29,Wed,n,P3C1,Ma Tante Aurore ou le Roman Impromptu,Saint-Pierre,11/30/1809,1,,opéra,2,y,M. Foucher,musique de Boëldieu,,,,,,,,,,,,,,,,,,,,,,
991,1809,12/23,Sat,n,P3C1,Ma Tante Aurore ou le Roman Impromptu,Saint-Pierre,12/25/1809,2,,opéra,2,n,,musique de Boeldieu,,,,,,,,,,,,,,,,,,,,,,
1008,1810,2/21,Wed,n,P3C3,Ma Tante Aurore ou le Roman Impromptu,Saint-Pierre,2/22/1810,2,,opéra,2,n,,musique de Boieldieu,,,,,,,,,,,,,,,,,,,,,,
1113,1811,1/31,Thurs,n,P3C2,Ma Tante Aurore ou le Roman Impromptu,Saint-Philippe,1/31/1811,2,,opéra,2,n,,musique de Boieldieu,,,,,,,,,,,,,,,,,,,,,,
1150,1811,4/27,Sat,n,P3C2,Ma Tante Aurore ou le Roman Impromptu,Saint-Philippe,4/28/1811,2,,opéra,2,n,,musique de Boeldieu,M. Tabary,n,George,,,,,,,,,,,,,,,,,,,
1299,1812,4/9,Thurs,n,P2C4,Ma Tante Aurore ou Le Roman Inpromptu,Saint-Philippe,4/9/1812,2,Boëldieu,Opéra,2,n,,,,,,,,,,,,,,,,,,,,,,,,
1302,1812,4/16,Thurs,n,P2C4,Ma Tante Aurore ou Le Roman Inpromptu,Saint-Philippe,4/16/1812,2,Boëldieu,Opéra,2,n,,,,,,,,,,,,,,,,,,,,,,,,
1215,1811,9/26,Thurs,n,P3C1,"Ma Tante Aurore, ou le Roman Imprmptu",Saint-Philippe,9/26/1811,2,Boëldieu,Opéra,2,n,,,,,,,,,,,,,,,,,,,,,,,,
,,,,,,,,9,,,,,,,,,,,,,,,,,,,,,,,,,,,,,
872,1808,11/2,Wed,n,P3C1,Maris Garçons,Saint-Pierre,11/3/1808,2,,Opéra Nouveau,1,y,la Direction,musique de Berton,,,,,,,,,,,,,,,,,,,,,,
875,1808,11/12,Sat,n,P3C1,Maris Garçons,Saint-Pierre,11/13/1808,2,,opéra,1,n,,musique de Grétry,,,,seconde représentation,,,,,,,,,,,,,,,,,,
887,1808,12/24,Sat,n,P3C2,Maris Garçons,Saint-Pierre,12/25/1808,2,,opéra,1,n,,musique de Berton,,,,,,,,,,,,,,,,,,,,,,
917,1809,4/8,Sat,n,P3C2,Maris Garçons,Saint-Pierre,4/9/1809,,,opéra,1,n,,musique de Berton,,,,,,,,,,,,,,,,,,,,,,
931,1809,5/27,Sat,n,P2C4,Maris Garçons,Saint-Pierre,5/28/1809,,,opéra,1,n,,musique de Berton,,,,,,,,,,,,,,,,,,,,,,
985,1809,12/2,Sat,n,P2C4,Maris Garçons,Saint-Pierre,12/3/1809,2,,opéra,1,n,,,Mr. Rochefort,n,Florville,these performances will begin at 6:30 precisely,,,,,,,,,,,,,,,,,,
1023,1810,4/14,Sat,n,P3C2,Maris Garçons,Saint-Pierre,4/15/1810,2,,opéra,1,n,,musique de Le Breton,,,,,,,,,,,,,,,,,,,,,,
1073,1810,10/6,Sat,n,P3C3,Maris Garçons,Saint-Pierre,10/7/1810,2,,opéra comique,1,n,,musique de Berton,,,,"changed from Mercure Galant, advertised in the previous issue",,,,,,,,,,,,,,,,,,
1123,1811,2/23,Sat,n,P2C4,Maris Garçons,Saint-Philippe,2/23/1811,2,…,opéra,1,y,Mr. St. Just,musique de …,"M. August, M. St. Martin, M. Daudet, Mdme. Laurette, Mdme. Fleury, Mdme. Brunet","n, n, n, n, n, n","Unlisted, Unlisted, Unlisted, Unlisted, Unlisted, Unlisted","Fleury is spelled ""Fleuri""",,,,,,,,,,,,,,,,,,
1225,1811,10/19,Sat,n,P3C1,Maris garçons,Saint-Philippe,10/20/1811,2,,opéra comique,1,n,,musique de Berton,M. St.-Martin,,Edmont,,,,,,,,,,,,,,,,,,,
1321,1812,5/30,Sat,n,"P3C3, P3C4",Maris Garçons,Saint-Philippe,5/31/1812,2,,opéra,,n,,musique de Berton,,,,,,,,,,,,,,,,,,,,,,
1324,1812,6/6,Sat,,P3C4,Maris Garçons,Saint-Philippe,6/7/1812,1,,Opéra,,n,,musique de Berton,,,,,,,,,,,,,,,,,,,,,,
1397,1812,11/26,Thurs,n,P3C1,Maris garçons,Saint-Philippe,11/26/1812,2,,opéra,1,,,musique de Berton,,,,,,,,,,,,,,,,,,,,,,
,,,,,,,,13,,,,,,,,,,,,,,,,,,,,,,,,,,,,,
833,1808,6/18,Sat,n,"P3C1,P2C3","Menuisier de Livonie, ou Les Illustres Voyageurs",Saint-Philippe,6/18/1808,1,,Comédie,3,y,Mme. Brunet,,,,,originally advertised for 6/14,,,,,,,,,,,,,,,,,,
836,1808,6/29,Wed,n,"P3C3,P3C2","Menuisier de Livonie, ou Les Illustres Voyageurs",Saint-Philippe,6/29/1808,,Alexandre Duval,Comédie,3,n,,,,,,"author listed as ""Duval""",,,,,,,,,,,,,,,,,,
857,1808,9/10,Sat,n,"P3C1,P3C2","Menuisier de Livonie, ou Les Illustres Voyageurs",Saint-Pierre,9/11/1808,1,Alexandre Duval,comédie,3,n,,,,,,,,,,,,,,,,,,,,,,,,
873,1808,11/5,Sat,n,P3C2,"Menuisier de Livonie, ou Les Illustres Voyageurs",Saint-Pierre,11/6/1808,1,Korzebue,comédie,3,n,,,,,,"""du Théâtre de Korzebue""",,,,,,,,,,,,,,,,,,
900,1809,2/8,Wed,n,P3C1,"Menuisier de Livonie, ou Les Illustres Voyageurs",Saint-Pierre,2/10/1809,,Alexandre Duval,comédie historique,3,n,,,,,,,,,,,,,,,,,,,,,,,,
995,1810,1/6,Sat,n,P3C4,"Menuisier de Livonie, ou Les Illustres Voyageurs",Saint-Pierre,1/7/1810,1,Alexandre Duval,comédie,3,n,,,,,,,,,,,,,,,,,,,,,,,,
997,1810,1/13,Sat,n,P3C3,"Menuisier de Livonie, ou Les Illustres Voyageurs",Saint-Pierre,1/14/1810,1,Alexandre Duval,comédie,3,n,,,,,,"identical ad from the previous week, in the absence of other evidence suggest keeping both as Sunday performances",,,,,,,,,,,,,,,,,,
1096,1810,12/22,Sat,n,P3C2,"Menuisier de Livonie, ou Les Illustres Voyageurs",Saint-Philippe,12/23/1810,1,Picard,comédie,3,n,,,,,,includes a note that the spectacle was changed because Mlle Laurette is indisposed,,,,,,,,,,,,,,,,,,
1398,1812,11/28,Sat,n,P2C4,"Menuisier de Livonie, ou Les Illustres Voyageurs",Saint-Philippe,11/29/1812,1,Duval,comédie,3,n,,,,,,,,,,,,,,,,,,,,,,,,
,,,,,,,,9,,,,,,,,,,,,,,,,,,,,,,,,,,,,,
591,1806,2/22,Sat,,,Richard Cœur de Lion,Saint-Pierre,2/25/1806,2,,opéra,,y,M. Deperville,,,,,"orné de tout son spectacle; ""un amateur connu dansera l'Anglaise à la scène de la noce""",,,,,,,,,,,,,,,,,,
661,1806,10/25,Sat,n,P2C4,Richard Cœur de Lion,Saint-Pierre,10/26/1806,,,,,n,,,Madlle. Joséphine,,Antonio,"""Le second début de Madlle. Joséphine dans le rôle d'ANTONIO""; This is the same performance as the one mentioned in issue 660",,,,,,,,,,,,,,,,,,
723,1807,5/30,Sat,n,P2C4,Richard Cœur de Lion,Saint-Pierre,5/31/1807,,,opéra,3,n,,musique de Grérry,Mlle. Fleury,n,Laurette,"""orné de tout son Spectacle""; Mlle. Fleury would be returning to theatre to fulfill this role",,,,,,,,,,,,,,,,,,
794,1808,2/3,Wed,n,"P2C3,P2C3",Richard Cœur de Lion,Saint-Philippe,2/3/1808,,,Opéra,3,n,,musique de Grétry,Mr. Francisqui,n,dansera les premières entrées du ballet,,,,,,,,,,,,,,,,,,,
813,1808,4/9,Sat,n,"P3C2,P3C1",Richard Cœur de Lion,Saint-Philippe,4/9/1808,,,opéra,3,n,,M. Fransicqui dansera les principales entrées,,,,Francisqui dansera les principales entrées,,,,,,,,,,,,,,,,,,
874,1808,11/9,Wed,n,P3C1,Richard Cœur de Lion,Saint-Pierre,11/10/1808,2,,opéra,3,n,,,Mlle. Eugénie Fleury,n,Antonio,,,,,,,,,,,,,,,,,,,
909,1809,3/11,Sat,n,P3C1,Richard Cœur de Lion,Saint-Pierre,3/12/1809,,,opéra,3,n,,musique de Grétry,,,,,,,,,,,,,,,,,,,,,,
945,1809,7/15,Sat,n,P2C2,Richard Cœur de Lion,Saint-Philippe,7/16/1809,,,opéra,3,y,Mme. Brunet,musique de Grétry,unlisted,y,unlisted,"The ad says that the performance will be ""après le Feu d'Artifice"" (after the fireworks), no mention of why there are fireworks",,,,,,,,,,,,,,,,,,
973,1809,10/21,Sat,n,P3C1,Richard Cœur de Lion,Saint-Pierre,10/22/1809,2,,opéra,3,n,,,,,,,,,,,,,,,,,,,,,,,,
1042,1810,6/20,Wed,n,P3C2,Richard Cœur de Lion,Saint-Pierre,6/21/1810,2,,opéra,3,n,,musique de Grétry,,,,,,,,,,,,,,,,,,,,,,
1137,1811,3/28,Thurs,n,P3C3,Richard Cœur de Lion,Saint-Philippe,3/28/1811,2,,opéra,3,n,,,,,,"""décorations nouvelles, changements à vue"", ad says ""Jeudi prochain, 28 Mars 1811"" but that is the date of publication",,,,,,,,,,,,,,,,,,
1203,1811,8/29,Thurs,,P2C4,Richard Cœur de Lion,Saint-Philippe,8/29/1811,1,,Opéra,3,n,,Musique de Grétry,,,,,,,,,,,,,,,,,,,,,,
,,,,,,,,12,,,,,,,,,,,,,,,,,,,,,,,,,,,,,
833,1808,6/18,Sat,n,"P3C1,P2C3",Secret,Saint-Philippe,6/18/1808,2,,opéra,1,y,Mme. Brunet,,unlisted,y,Valère,,,,,,,,,,,,,,,,,,,
835,1808,6/25,Sat,n,"P3C2,P3C1",Secret,Saint-Philippe,6/26/1808,2,,opéra,1,n,,,M. Tabary,n,Valère,"""Le rôle de Valère, dans cet opéra, n'ayant été rempli par un Amateur qu'accidentellement, sera joué par M. Tabary""",,,,,,,,,,,,,,,,,,
855,1808,9/3,Sat,n,"P3C2,P3C2",Secret,Saint-Pierre,9/4/1808,2,,opéra,1,n,,musique de Solié,,,,,,,,,,,,,,,,,,,,,,
867,1808,10/15,Sat,n,P3C1,Secret,Saint-Pierre,10/16/1808,2,,Opéra Nouveau,,n,,,,,,,,,,,,,,,,,,,,,,,,
885,1808,12/17,Sat,n,P2C4,Secret,Saint-Pierre,12/18/1808,2,,opéra,1,n,,musique de Solier,,,,,,,,,,,,,,,,,,,,,,
913,1809,3/25,Sat,n,P3C2,Secret,Saint-Pierre,3/26/1809,,,opéra,1,n,,musique de Solié,,,,,,,,,,,,,,,,,,,,,,
941,1809,7/1,Sat,n,P2C4,Secret,Saint-Philippe,7/2/1809,,Offman,Opéra,1,n,,musique de Sulié,,,,,,,,,,,,,,,,,,,,,,
995,1810,1/6,Sat,n,P3C4,Secret,Saint-Pierre,1/6/1810,2,,opéra,1,n,,musique de Solié,,,,"advertised as on ""Saturday 6, Day of the Kings"" (Feast of the Epiphany), rather than as ""later today""",,,,,,,,,,,,,,,,,,
1101,1811,1/3,Thurs,n,P3C3,Secret,Saint-Philippe,1/3/1811,2,,opéra,1,n,,musique de Solier,,,,,,,,,,,,,,,,,,,,,,
1176,1811,6/27,Thurs,n,P3C1,Secret,Saint-Philippe,6/27/1811,2,,opéra,1,n,,musique de Solité,,,,,,,,,,,,,,,,,,,,,,
,,,,,,,,10,,,,,,,,,,,,,,,,,,,,,,,,,,,,,
717,1807,5/9,Sat,n,P3C1,Sylvain,Saint-Pierre,5/10/1807,2,,opéra,,n,,,Mlle Julienne Drigny,n,Lucette,,,,,,,,,,,,,,,,,,,
739,1807,7/25,Sat,n,P3C2,Sylvain,Saint-Pierre,7/26/1807,2,,Opéra,,n,,,,,,,,,,,,,,,,,,,,,,,,
839,1808,7/9,Sat,n,"P3C4,P3C3",Sylvain,Saint-Philippe,7/10/1808,2,,opéra,1,n,,musique de Grétry,Mr. Auguste,y,Bazile,"Additional pieces will be announced on posters, ""Le spectacle sera announcé dans les affiches du jour""",,,,,,,,,,,,,,,,,,
857,1808,9/10,Sat,n,"P3C1,P3C2",Sylvain,Saint-Pierre,9/11/1808,2,,opéra,1,n,,musique de Grétry,,,,,,,,,,,,,,,,,,,,,,
875,1808,11/12,Sat,n,P3C1,Sylvain,Saint-Pierre,11/12/1808,2,,opéra,,y,Mademoiselle Eugénie Fleury,musique de Grétry,Mlle. Eugénie Fleury,n,Lucette,demandé par le Public,,,,,,,,,,,,,,,,,,
916,1809,4/5,Wed,n,P3C4,Sylvain,Saint-Pierre,4/6/1809,,,opéra,,n,,musique de Grétry,,,,,,,,,,,,,,,,,,,,,,
986,1809,12/6,Wed,n,P3C1,Sylvain,Saint-Pierre,12/7/1809,2,,opéra,1,n,,musique de Grétry,,,,"""Mdme. La Rue etant indisposee"" her second debut will be 12/14/1809",,,,,,,,,,,,,,,,,,
995,1810,1/6,Sat,n,P3C4,Sylvain,Saint-Pierre,1/7/1810,2,,opéra,1,n,,musique de Grétry,,,,,,,,,,,,,,,,,,,,,,
997,1810,1/13,Sat,n,P3C3,Sylvain,Saint-Pierre,1/14/1810,2,,opéra,1,n,,musique de Grétry,,,,,,,,,,,,,,,,,,,,,,
1049,1810,7/14,Sat,n,P3C4,Sylvain,Saint-Pierre,7/15/1810,2,,opéra,1,n,,musique de Grétry,,,,,,,,,,,,,,,,,,,,,,
1095,1810,12/20,Thurs,n,P3C1,Sylvain,Saint-Philippe,12/20/1810,1,,opéra,1,n,,musique de Grétry,,,,"Similar notes: ""Pour L'Overture du Théâtre on commencera par parlez pour nous,"" however the performances were changed due to ""l'indisposition de Mlle. Laurette""",,,,,,,,,,,,,,,,,,
1140,1811,4/4,Thurs,n,P3C2,Sylvain,Saint-Philippe,4/4/1811,2,,opéra,1,n,,musique de Grétry,,,,,,,,,,,,,,,,,,,,,,
1221,1811,10/10,Thur,n,P2C4,Sylvain,Saint-Philippe,10/10/1811,2,Musique de Grétry,Opéra,1,n,,,,,,,,,,,,,,,,,,,,,,,,
,,,,,,,,13,,,,,,,,,,,,,,,,,,,,,,,,,,,,,
717,1807,5/9,Sat,n,P3C1,Une Folie,Saint-Pierre,5/12/1807,1,,opéra,2,y,M. Douvillier,musique de Méhul,,,,"premiére representation; ""n'a jamais été représenté en cette ville"", never been performed in the city before; ""paroles de Bouilly auteur de l'Abbé de l'Epée""",,,,,,,,,,,,,,,,,,
719,1807,5/16,Sat,n,P2C3,Une Folie,Saint-Pierre,5/17/1807,2,,opéra,2,n,,,,,,opéra nouveau,,,,,,,,,,,,,,,,,,
721,1807,5/23,Sat,n,P2C4,Une Folie,Saint-Pierre,5/26/1807,2,M. Boully,opéra,,n,,musique de Méhul,Mr. Auguste,n,Florival,la seconde representation; opéra nouveau; note regarding the director's reassurance that the audience will be satisfied by the performance & nothing but pleasant,,,,,,,,,,,,,,,,,,
727,1807,6/13,Sat,n,P2C3,Une Folie,Saint-Pierre,6/14/1807,,Bouilly,Opéra,2,n,,Musique de Méhul,,,,"troisième représentation; ""a été demandé par plusieur abonnés""",,,,,,,,,,,,,,,,,,
740,1807,7/29,Wed,n,P2C3,Une Folie,Saint-Pierre,7/30/1807,1,Boully & Méhul,Opéra,1,y,M. Deperville,,,,,,,,,,,,,,,,,,,,,,,
793,1808,1/30,Sat,n,"P3C1,P2C4",Une Folie,Saint-Philippe,1/30/1808,2,Bouilly,Opéra Comique,2,n,,musique de Méhul,,,,,,,,,,,,,,,,,,,,,,
827,1808,5/28,Sat,n,"P3C2,P3C1",Une Folie,Saint-Philippe,5/29/1808,2,Bouilly,opéra,2,n,,musique de Mehul,,,,,,,,,,,,,,,,,,,,,,
837,1808,7/2,Sat,n,"P3C2,P3C3",Une Folie,Saint-Philippe,7/3/1808,2,,opéra,2,n,,musique de Méhul,Mr. Auguste,y,Florival,,,,,,,,,,,,,,,,,,,
865,1808,10/8,Sat,n,P3C1,Une Folie,Saint-Pierre,10/9/1808,2,Bouilly,Opéra Nouveau,2,n,,musique de Méhul,,,,,,,,,,,,,,,,,,,,,,
891,1809,1/7,Sat,n,P3C1,Une Folie,Saint-Pierre,1/8/1809,,,opéra,1,n,,,,,,,,,,,,,,,,,,,,,,,,
961,1809,9/9,Sat,n,P2C4,Une Folie,Saint-Philippe,9/10/1809,2,,opéra,2,y,Mlle. Eugénie Fleury,musique de Mehul,Mr Tabary,n,Parrain Francisque,,,,,,,,,,,,,,,,,,,
987,1809,12/9,Sat,n,P3C1,Une Folie,Saint-Pierre,12/10/1809,2,,opéra,2,n,musique de Mehul,,,,,,,,,,,,,,,,,,,,,,,
1009,1810,2/24,Sat,n,P3C2,Une Folie,Saint-Pierre,2/25/1810,2,,opéra,2,n,,musique de Méhul,,,,,,,,,,,,,,,,,,,,,,
1037,1810,6/2,Sat,n,P3C3,Une Folie,Saint-Pierre,6/3/1810,2,,opéra,2,n,,musique de Méhul,,,,"Farewell performance for M. Tabary, who will be taking a short leave of absence",,,,,,,,,,,,,,,,,,
1129,1811,3/9,Sat,n,P3C1,Une Folie,Saint-Philippe,3/10/1811,2,,opéra,2,n,,musique de Méhul,,,,,,,,,,,,,,,,,,,,,,
1151,1811,4/30,Tues,n,P3C2,Une Folie,Saint-Philippe,4/30/1811,2,,opéra,2,y,Mlle. Eugénie Fleury,musique de Méhul,,,,,,,,,,,,,,,,,,,,,,
1253,1811,12/24,Tues,n,P3C1,Une Folie,Saint-Philippe,12/24/1811,1,,opéra,2,n,,musique de Méhul,,,,,,,,,,,,,,,,,,,,,,
1311,1812,5/7,Thurs,n,P3C2,Une Folie,Saint-Philippe,5/7/1812,2,,opéra,2,n,,musique de Méhul,,,,"The heading of this ad seems to have been misprinted and reads ""SPCTCLEAE"" instead of the usual ""SPECTACLE"", includes a note about the showing on 5/7/1812 being changed due to Mlle. Laurette being unwell",,,,,,,,,,,,,,,,,,
1401,1812,12/5,Sat,n,P3C4,Une Folie,Saint-Philippe,12/6/1812,2,,opéra,2,n,,musique de Méhul,,,,,,,,,,,,,,,,,,,,,,
,,,,,,,,19,,,,,,,,,,,,,,,,,,,,,,,,,,,,,
750,1807,9/2,Wed,n,P3C1,Une heure de Mariage,Saint-Pierre,9/3/1807,2,M Erienne,Opéra Nouveau,1,n,,musique de M. Daleyrac,,,,"a note at the end saying this opera must be ranked among the best because of the freshness and charm of its music, and for its merit, première représentation",,,,,,,,,,,,,,,,,,
782,1807,12/23,Wed,n,P2C2,Une heure de Mariage,Saint-Pierre,12/23/1807,2,,Opéra,,y,Mr. St.-Martin,,,,,,,,,,,,,,,,,,,,,,,
789,1808,1/16,Sat,n,P3C1,Une Heure de Mariage,Saint-Pierre,1/17/1808,2,,opéra,,n,,musique de Daleyrac,,,,"ad on previous page annoucning the opening of the Théâtre de a rue Saint-Philippe, signed Louis Douvillier",,,,,,,,,,,,,,,,,,
800,1808,2/24,Wed,n,"P2C4,P2C4",Une heure de Mariage,Saint-Pierre,2/25/1808,2,,opéra,,n,,musique de Daleyrac,,,,,,,,,,,,,,,,,,,,,,
813,1808,4/9,Sat,n,"P3C2,P3C1",Une Heure de Mariage,Saint-Pierre,4/10/1808,2,,opéra,1,n,,musique de Daleyrac,,,,,,,,,,,,,,,,,,,,,,
868,1808,10/19,Wed,n,P3C1,Une Heure de Mariage,Saint-Pierre,10/20/1808,2,,opéra,1,n,,musique de Daleyrac,,,,,,,,,,,,,,,,,,,,,,
908,1809,3/8,Wed,n,P2C4,Une Heure de Mariage,Saint-Pierre,3/9/1809,,,opéra,,n,,musique de Daleyrac,,,,,,,,,,,,,,,,,,,,,,
1011,1810,3/3,Sat,n,P3C3,Une Heure de Mariage,Saint-Pierre,3/4/1810,2,Etienne,opéra,1,n,,musique de Daleyrac,M. Ferrand,y,M. Demarce,Show changed from Le Tonnelier,,,,,,,,,,,,,,,,,,
1102,1811,1/5,Sat,n,P3C2,Une Heure de Mariage,Saint-Philippe,1/6/1811,2,,opéra,1,n,,musique de Daleyrac,,,,,,,,,,,,,,,,,,,,,,
1141,1811,4/6,Sat,n,P3C1,Une Heure de Mariage,Saint-Philippe,4/7/1811,2,,opéra,1,n,,,,,,,,,,,,,,,,,,,,,,,,
1197,1811,8/15,Thurs,,P2C4,Une Heure de Mariage,Saint-Philippe,8/15/1811,2,,Opéra,1,n,,Musique de Daleyrac,,,,,,,,,,,,,,,,,,,,,,
1236,1811,11/14,Thurs,,P2C4,Une Heure de Mariage,Saint-Philippe,11/15/1811,2,,Opéra,1,n,,musique de Daleyrac,,,,,,,,,,,,,,,,,,,,,,
,,,,,,,,12,,,,,,,,,,,,,,,,,,,,,,,,,,,,,
573,1805,12/21,Sat,,,Visitandines,Saint-Pierre,12/22/1805,2,,opéra,2,,,musique de Devienne,,,,,,,,,,,,,,,,,,,,,,
598,1806,3/19,Wed,,,Visitandines,Saint-Pierre,3/20/1806,2,,opéra,2,,,,,,,,,,,,,,,,,,,,,,,,,
625,1806,6/21,Sat,,,Visitandines,Saint-Pierre,6/22/1806,2,,opéra,2,,,,,,,,,,,,,,,,,,,,,,,,,
652,1806,9/17,Wed,,,Visitandines,Saint-Pierre,9/18/1806,2,,,,,,,,,,,,,,,,,,,,,,,,,,,,
666,1806,11/12,Wed,n,P2C4,Visitandines,Saint-Pierre,11/13/1806,2,,Opéra,3,n,,,M. St. Just,n,Grégoire,Pour la rentrée de M. St. Just au theatre,,,,,,,,,,,,,,,,,,
722,1807,5/27,Wed,n,P3C1,Visitandines,Saint-Pierre,5/28/1807,2,,opéra,2,n,,,,,,,,,,,,,,,,,,,,,,,,
774,1807,11/25,Wed,n,P2C4,Visitandines,Saint-Pierre,11/26/1807,2,,Opéra,2,n,,musique de Devienne,,,,,,,,,,,,,,,,,,,,,,
819,1808,4/30,Sat,n,"P2C4, P2C3",Visitandines,Saint-Pierre,5/1/1808,2,,opéra,2,n,,musique de Devienne,,,,,,,,,,,,,,,,,,,,,,
844,1808,7/27,Wed,n,P3C1,Visitandines,Saint-Pierre,7/27/1808,2,,opéra,2,n,,musique de Devienne,,,,,,,,,,,,,,,,,,,,,,
926,1809,5/10,Wed,n,P3C2,Visitandines,Saint-Pierre,5/11/1809,,,opéra,2,n,,musique de Devienne,,,,,,,,,,,,,,,,,,,,,,
980,1809,11/15,Wed,n,P3C2,Visitandines,Saint-Philippe,11/16/1809,2,Picard,opéra,2,y,Mr. Foucher,musique de Devienne,,,,,,,,,,,,,,,,,,,,,,
1003,1810,2/3,Sat,n,P3C2,Visitandines,Saint-Pierre,2/4/1810,2,Picard,opéra,2,n,,musique de Devienne,,,,,,,,,,,,,,,,,,,,,,
1155,1811,5/9,Thurs,n,P3C1,Visitandines,Saint-Philippe,5/9/1811,2,,opéra,2,n,,musique de Devienne,,,,,,,,,,,,,,,,,,,,,,
,,,,,,,,13,,,,,,,,,,,,,,,,,,,,,,,,,,,,,